image_name,brightness_median,brightness_stdev,saturation_median,saturation_stdev,hue_median,hue_stdev,grid_TL_brightness,grid_TL_saturation,grid_TL_hue,grid_TC_brightness,grid_TC_saturation,grid_TC_hue,grid_TR_brightness,grid_TR_saturation,grid_TR_hue,grid_ML_brightness,grid_ML_saturation,grid_ML_hue,grid_MC_brightness,grid_MC_saturation,grid_MC_hue,grid_MR_brightness,grid_MR_saturation,grid_MR_hue,grid_BL_brightness,grid_BL_saturation,grid_BL_hue,grid_BC_brightness,grid_BC_saturation,grid_BC_hue,grid_BR_brightness,grid_BR_saturation,grid_BR_hue,brightness_entropy,hue_entropy,edge_density,pct_horizontal,pct_vertical,pct_diagonal,dominant_angle,gray_hist_00,gray_hist_01,gray_hist_02,gray_hist_03,gray_hist_04,gray_hist_05,gray_hist_06,gray_hist_07,gray_hist_08,gray_hist_09,gray_hist_10,gray_hist_11,gray_hist_12,gray_hist_13,gray_hist_14,gray_hist_15,sat_hist_00,sat_hist_01,sat_hist_02,sat_hist_03,sat_hist_04,sat_hist_05,sat_hist_06,sat_hist_07,sat_hist_08,sat_hist_09,sat_hist_10,sat_hist_11,sat_hist_12,sat_hist_13,sat_hist_14,sat_hist_15,local_contrast,aspect_ratio,red_mean,green_mean,blue_mean,cluster_label,feature_set,projection_used_for_clustering,plot_x,plot_y,pca_x,pca_y,tsne_x,tsne_y
image_001.png,0.6450980305671692,0.15170907974243164,0.41040459275245667,0.23150698840618134,26.630929946899414,26.612909483971478,0.6190876364707947,0.46505361795425415,22.484241485595703,0.5927894115447998,0.4172784686088562,21.837148666381836,0.6820967793464661,0.18659690022468567,31.92207145690918,0.5135482549667358,0.43157655000686646,20.814376831054688,0.6907891035079956,0.6436775326728821,23.720544815063477,0.680384635925293,0.36029326915740967,32.0733642578125,0.545046329498291,0.392900675535202,33.34453582763672,0.6700096726417542,0.605504035949707,28.56869888305664,0.7154774069786072,0.6041993498802185,22.034425735473633,4.154461523997967,2.261338218531177,0.3442246884493769,0.19808177233429394,0.28125,0.5206682276657061,90.0,0.0,9.1552734375e-05,0.00067138671875,0.0047149658203125,0.0169677734375,0.0683135986328125,0.0451812744140625,0.040618896484375,0.0914764404296875,0.1840362548828125,0.127960205078125,0.14105224609375,0.1773223876953125,0.08831787109375,0.01324462890625,3.0517578125e-05,0.03076171875,0.03082275390625,0.0438385009765625,0.055633544921875,0.087249755859375,0.137176513671875,0.1877593994140625,0.1063995361328125,0.0629119873046875,0.037750244140625,0.03399658203125,0.033111572265625,0.033660888671875,0.0385894775390625,0.0489959716796875,0.031341552734375,0.019129617139697075,1.0,0.7647459506988525,0.6222400665283203,0.505425214767456,2,all,pca,-1.5243799949642887,5.2707676825425915,-1.5243799949642887,5.2707676825425915,,
image_002.png,0.43529412150382996,0.286115825176239,0.20000000298023224,0.27182215452194214,349.15588665008545,62.01881463595723,0.786935031414032,0.21978776156902313,6.7226972579956055,0.38768139481544495,0.24939125776290894,277.099365234375,0.4944934546947479,0.09156201779842377,6.131131172180176,0.7739347815513611,0.233002170920372,16.590822219848633,0.1763283908367157,0.5550715923309326,269.35245513916016,0.3868192732334137,0.12424181401729584,14.181075096130371,0.6823607683181763,0.22591757774353027,17.004785537719727,0.08452428877353668,0.6962556838989258,253.87926483154297,0.3181658983230591,0.18765906989574432,6.722671031951904,4.6628830805570365,2.7853961366615665,0.3323981647963296,0.1877360690137561,0.5200279785497786,0.2922359524364654,88.0,0.133697509765625,0.0845489501953125,0.04022216796875,0.026885986328125,0.026885986328125,0.0567779541015625,0.1407470703125,0.0685882568359375,0.037384033203125,0.050048828125,0.0587615966796875,0.0439300537109375,0.076385498046875,0.1146392822265625,0.040496826171875,0.0,0.14715576171875,0.21356201171875,0.1101837158203125,0.16802978515625,0.082122802734375,0.04254150390625,0.020172119140625,0.0249786376953125,0.023101806640625,0.0211181640625,0.0159759521484375,0.015533447265625,0.0212860107421875,0.0252685546875,0.0313873291015625,0.0375823974609375,0.022970251739025116,1.0,0.47728440165519714,0.42931830883026123,0.4337638020515442,0,all,pca,0.28954083239340594,-1.678421179613629,0.28954083239340594,-1.678421179613629,,
image_003.png,0.36666667461395264,0.1343008279800415,0.16546763479709625,0.06560298800468445,60.01068878173828,37.833564084668026,0.3441055715084076,0.17370854318141937,55.376983642578125,0.4800029695034027,0.14926135540008545,54.7371826171875,0.45625734329223633,0.17829996347427368,68.74372100830078,0.3493669629096985,0.18050295114517212,52.068058013916016,0.4448695778846741,0.16545628011226654,46.324527740478516,0.3385968506336212,0.2086927443742752,182.56272888183594,0.294518381357193,0.1842353641986847,62.5329475402832,0.3669773042201996,0.12479720264673233,55.071842193603516,0.3640746474266052,0.16009898483753204,68.96552276611328,4.09250000197118,2.6076133425986887,0.5246605493210986,0.3019586989275902,0.17867588407338475,0.519365416999025,178.0,0.0,0.00543212890625,0.0483856201171875,0.10003662109375,0.1708984375,0.205535888671875,0.1672210693359375,0.1181793212890625,0.0882568359375,0.041778564453125,0.0261383056640625,0.017578125,0.0068817138671875,0.002593994140625,0.0005340576171875,0.00054931640625,0.044342041015625,0.2174072265625,0.3606109619140625,0.2610015869140625,0.096923828125,0.0163421630859375,0.00311279296875,0.0002593994140625,0.0,0.0,0.0,0.0,0.0,0.0,0.0,0.0,0.0191713385283947,1.0,0.42423805594444275,0.4261365532875061,0.32916542887687683,0,all,pca,0.43600348508881365,-5.662743617986231,0.43600348508881365,-5.662743617986231,,
image_004.png,0.46078431606292725,0.16464120149612427,0.10833334922790527,0.2012803554534912,8.539009094238281,22.80479202635719,0.5412768721580505,0.22154754400253296,16.645923614501953,0.5289903283119202,0.10690843313932419,13.071493148803711,0.526970386505127,0.28505679965019226,12.33116626739502,0.49529924988746643,0.24091583490371704,14.708422660827637,0.5324656963348389,0.25746703147888184,15.975944519042969,0.29229283332824707,0.3667749762535095,359.2796617746353,0.36563801765441895,0.11187585443258286,2.7188618183135986,0.3651575446128845,0.2788991630077362,11.807416915893555,0.28124213218688965,0.18765293061733246,342.5998878479004,4.089910689431337,2.169425185058358,0.15216380432760865,0.19252317408576958,0.16451054293572376,0.6429662829785067,36.0,0.0371246337890625,0.025421142578125,0.0204620361328125,0.03326416015625,0.0576324462890625,0.12432861328125,0.144073486328125,0.1519775390625,0.2959747314453125,0.027587890625,0.0244903564453125,0.01708984375,0.01898193359375,0.0118408203125,0.0074005126953125,0.002349853515625,0.0010986328125,0.5985107421875,0.035736083984375,0.0247344970703125,0.0292205810546875,0.0997161865234375,0.079864501953125,0.0300140380859375,0.0213623046875,0.0193023681640625,0.0123748779296875,0.011566162109375,0.011749267578125,0.01007080078125,0.0083770751953125,0.0063018798828125,0.008234798908233643,1.0,0.5081787705421448,0.4040151834487915,0.3652540147304535,0,all,pca,0.18859619188936175,-2.6073703454263866,0.18859619188936175,-2.6073703454263866,,
image_005.png,0.4019607901573181,0.10203800350427628,0.6068376302719116,0.19439175724983215,51.423038482666016,35.85286314843646,0.4507130980491638,0.5719054341316223,60.621578216552734,0.4122890532016754,0.5200923681259155,52.119850158691406,0.4702397584915161,0.4285790026187897,42.074886322021484,0.4458655118942261,0.5870628356933594,58.02053451538086,0.34329792857170105,0.6040933728218079,66.84747314453125,0.3491346836090088,0.6973374485969543,50.23751449584961,0.43643707036972046,0.4718300402164459,30.78797721862793,0.3953440189361572,0.6483057737350464,48.47245788574219,0.35270577669143677,0.8157635927200317,61.43369674682617,3.6360780567461104,2.1983284017904983,0.17460784921569844,0.13510874389702618,0.3332445628051487,0.5316466932978251,25.0,0.000885009765625,0.00311279296875,0.0112152099609375,0.0427703857421875,0.06353759765625,0.26727294921875,0.29443359375,0.1677093505859375,0.0949554443359375,0.03204345703125,0.005767822265625,0.00531005859375,0.00518798828125,0.0036468505859375,0.0019378662109375,0.000213623046875,0.0017547607421875,0.00567626953125,0.00933837890625,0.0202484130859375,0.0384521484375,0.0836944580078125,0.0820770263671875,0.1008758544921875,0.062347412109375,0.1367645263671875,0.11053466796875,0.0841827392578125,0.1086273193359375,0.0964813232421875,0.0464935302734375,0.012451171875,0.010981367900967598,1.0,0.5950326323509216,0.5653419494628906,0.20816530287265778,2,all,pca,-8.267166284312927,2.1714291628811764,-8.267166284312927,2.1714291628811764,,
image_006.png,0.4647058844566345,0.232669860124588,0.2531917095184326,0.21896043419837952,37.45330047607422,44.35216196314297,0.6422422528266907,0.25786545872688293,57.00493240356445,0.42543888092041016,0.22839641571044922,29.840831756591797,0.5390037894248962,0.28800836205482483,46.500892639160156,0.5258650183677673,0.18217293918132782,55.779727935791016,0.40763500332832336,0.5010571479797363,22.513450622558594,0.5418990850448608,0.2682640254497528,49.566429138183594,0.737987756729126,0.17828643321990967,43.931060791015625,0.38328638672828674,0.4401566982269287,24.206451416015625,0.6247706413269043,0.27656644582748413,36.631019592285156,4.474233240795803,3.1816248495618065,0.431257362514725,0.26046795816410884,0.31470366243755166,0.4248283793983395,88.0,0.010284423828125,0.011383056640625,0.0181427001953125,0.038543701171875,0.0576934814453125,0.127685546875,0.184967041015625,0.1062469482421875,0.066375732421875,0.0430908203125,0.03857421875,0.03594970703125,0.032745361328125,0.097076416015625,0.1301116943359375,0.001129150390625,0.1169586181640625,0.2029571533203125,0.12030029296875,0.05633544921875,0.067352294921875,0.1054840087890625,0.0807342529296875,0.0702056884765625,0.04962158203125,0.0412750244140625,0.032257080078125,0.020721435546875,0.0137176513671875,0.0091705322265625,0.0078277587890625,0.0050811767578125,0.04028600454330444,1.0,0.6263813972473145,0.5207138061523438,0.44927263259887695,0,all,pca,-0.12681075496028302,-0.2339659319276931,-0.12681075496028302,-0.2339659319276931,,
image_007.png,0.6784313917160034,0.19720575213432312,0.7658097743988037,0.365224689245224,355.4318470954895,20.393481223909916,0.6969310641288757,0.5949216485023499,2.552868127822876,0.5315950512886047,0.7310473322868347,3.98553729057312,0.8138928413391113,0.2745165228843689,343.4673328399658,0.6378087997436523,0.7363518476486206,353.08469104766846,0.6788697838783264,0.9096174836158752,349.898268699646,0.7367028594017029,0.5460156798362732,353.91964769363403,0.5927979350090027,0.6575804948806763,355.03744077682495,0.5494979023933411,0.7204698920249939,351.1007900238037,0.8274843692779541,0.225718691945076,7.008229732513428,3.9849708188616577,2.2910619794456815,0.23646847293694587,0.4294048243314106,0.14033822758259046,0.43025694808599896,179.0,0.0127410888671875,0.02044677734375,0.0139617919921875,0.0166015625,0.0157012939453125,0.01226806640625,0.010498046875,0.0120086669921875,0.0256805419921875,0.0884246826171875,0.3237762451171875,0.1609344482421875,0.06689453125,0.0372314453125,0.1387939453125,0.044036865234375,0.1415252685546875,0.1233367919921875,0.01397705078125,0.009429931640625,0.00726318359375,0.007049560546875,0.0124969482421875,0.0190887451171875,0.031097412109375,0.0330352783203125,0.0372772216796875,0.0486907958984375,0.0683135986328125,0.10870361328125,0.1678466796875,0.170867919921875,0.013007227331399918,1.0,0.8636911511421204,0.49424365162849426,0.550359308719635,2,all,pca,-2.509185546430849,8.428152005444257,-2.509185546430849,8.428152005444257,,
image_008.png,0.4019607901573181,0.2349783033132553,0.26829269528388977,0.20762166380882263,29.43669319152832,23.363876359486042,0.5977776050567627,0.22158129513263702,32.897422790527344,0.49958422780036926,0.19498403370380402,34.78456497192383,0.31051233410835266,0.28772062063217163,24.28420639038086,0.40190842747688293,0.25403454899787903,30.57115364074707,0.484096884727478,0.15771931409835815,40.2542839050293,0.2751908600330353,0.2963045537471771,26.258697509765625,0.2744610011577606,0.37429943680763245,24.283723831176758,0.19874414801597595,0.340460866689682,31.71522331237793,0.16605213284492493,0.3243032991886139,18.418127059936523,4.2751262059354005,2.8707449184530693,0.3200291400582801,0.5690899404271808,0.1125102920521141,0.3183997675207052,179.0,0.1940460205078125,0.060577392578125,0.05548095703125,0.07470703125,0.0510406494140625,0.04296875,0.057647705078125,0.0715789794921875,0.092132568359375,0.1884613037109375,0.094451904296875,0.0129547119140625,0.0032501220703125,0.0006866455078125,1.52587890625e-05,0.0,0.09722900390625,0.24188232421875,0.07818603515625,0.06976318359375,0.0618896484375,0.1622161865234375,0.123321533203125,0.06915283203125,0.0238189697265625,0.0171051025390625,0.0142822265625,0.0078887939453125,0.00811767578125,0.0047607421875,0.00244140625,0.0179443359375,0.015264291316270828,1.0,0.4225676357746124,0.34186404943466187,0.2884252667427063,0,all,pca,-1.573142210538677,-3.2686649181653644,-1.573142210538677,-3.2686649181653644,,
image_009.png,0.5411764979362488,0.2191700041294098,0.4177809953689575,0.1662544161081314,20.931106567382812,2.819846421818132,0.23644454777240753,0.33918237686157227,21.942781448364258,0.3731536865234375,0.4060659110546112,21.562429428100586,0.19833724200725555,0.37047961354255676,22.086599349975586,0.5907158255577087,0.5352258682250977,19.949966430664062,0.6882996559143066,0.6539777517318726,20.1702823638916,0.3958858549594879,0.3567723333835602,20.08253288269043,0.6968989372253418,0.6189342737197876,21.8275203704834,0.5958386063575745,0.5026082396507263,19.76832389831543,0.49412745237350464,0.31791266798973083,20.989221572875977,4.455155829185548,0.9622303864390053,0.34761919523839047,0.18045213358897758,0.24198510723681277,0.5775627591742096,45.0,0.0019378662109375,0.0485687255859375,0.0983428955078125,0.1032867431640625,0.0586395263671875,0.051788330078125,0.0460205078125,0.0472869873046875,0.0737762451171875,0.1191558837890625,0.14691162109375,0.15972900390625,0.036224365234375,0.0074310302734375,0.0009002685546875,0.0,0.0,0.0001983642578125,0.0108795166015625,0.076416015625,0.1478424072265625,0.1741943359375,0.1215972900390625,0.06915283203125,0.0860595703125,0.108062744140625,0.1138458251953125,0.054473876953125,0.0245208740234375,0.0094757080078125,0.0025787353515625,0.000701904296875,0.017258476465940475,1.0,0.6127829551696777,0.4311526417732239,0.3361164331436157,2,all,pca,-4.458936210112651,2.010426222224108,-4.458936210112651,2.010426222224108,,
image_010.png,0.7647058963775635,0.16068121790885925,0.35135138034820557,0.19433413445949554,56.27705001831055,86.49426654546608,0.6133403778076172,0.45065781474113464,25.299776077270508,0.8856902718544006,0.398293137550354,46.838340759277344,0.7344515919685364,0.06948631256818771,156.2368927001953,0.6414955854415894,0.3295426368713379,30.345521926879883,0.718800961971283,0.5170618891716003,21.174386978149414,0.7826313376426697,0.22687140107154846,120.63455200195312,0.9176494479179382,0.2563703954219818,197.0416717529297,0.6936061382293701,0.3982752561569214,21.99057388305664,0.6526708006858826,0.32035335898399353,38.92068862915039,4.12616464260954,3.088553199229412,0.12728625457250914,0.29079396005845104,0.12286897223575256,0.5863370677057964,135.0,0.0,0.0,0.0,0.0,0.0009918212890625,0.00689697265625,0.0240631103515625,0.054473876953125,0.09375,0.1071624755859375,0.1006317138671875,0.0881805419921875,0.103607177734375,0.1471099853515625,0.2011871337890625,0.0719451904296875,0.130462646484375,0.1087646484375,0.059234619140625,0.03839111328125,0.1043243408203125,0.0999755859375,0.1215362548828125,0.1324920654296875,0.09381103515625,0.0581207275390625,0.030914306640625,0.0145416259765625,0.0051422119140625,0.0014495849609375,0.000640869140625,0.0001983642578125,0.0078123495914042,1.0,0.8070700168609619,0.7208605408668518,0.6656591892242432,1,all,pca,2.753132813513918,5.6682917255722876,2.753132813513918,5.6682917255722876,,
image_011.png,0.5470588207244873,0.15954263508319855,0.26066353917121887,0.2260843813419342,232.3792495727539,70.53376812445623,0.48768168687820435,0.30479753017425537,224.60113525390625,0.5788493752479553,0.23763127624988556,217.23641967773438,0.5710284113883972,0.24508610367774963,215.28851318359375,0.6683276295661926,0.5850414037704468,11.478360176086426,0.5898818373680115,0.4127178192138672,247.09609985351562,0.5366355776786804,0.24271774291992188,213.70831298828125,0.5418352484703064,0.39185407757759094,323.33392333984375,0.49864330887794495,0.5060629844665527,306.119930267334,0.3681242763996124,0.3072129487991333,213.91587829589844,4.280169893245908,1.9090955476169384,0.11108872217744435,0.37407562438956327,0.16785265801590624,0.45807171759453047,175.0,0.0,0.000213623046875,0.0057373046875,0.0363006591796875,0.0469818115234375,0.0716400146484375,0.1049957275390625,0.1180572509765625,0.152008056640625,0.2389984130859375,0.0683441162109375,0.0456085205078125,0.0406951904296875,0.0510101318359375,0.0191802978515625,0.0002288818359375,0.001953125,0.027435302734375,0.05126953125,0.325653076171875,0.25701904296875,0.0866546630859375,0.0380096435546875,0.0227813720703125,0.021514892578125,0.02056884765625,0.0222015380859375,0.0180206298828125,0.0150604248046875,0.01617431640625,0.0293426513671875,0.0463409423828125,0.007071558386087418,1.0,0.5106005668640137,0.49760672450065613,0.5650375485420227,0,all,pca,0.7825721788131039,0.47864283163428856,0.7825721788131039,0.47864283163428856,,
image_012.png,0.28431373834609985,0.328529417514801,0.8709677457809448,0.293582558631897,64.36180114746094,47.47198781575536,0.18814219534397125,0.9114651679992676,102.05003356933594,0.3384520411491394,0.771048903465271,69.7874984741211,0.29735875129699707,0.7453092932701111,80.08283996582031,0.05981871858239174,0.8706029653549194,116.18360137939453,0.5687479972839355,0.7250686883926392,36.43701171875,0.5031796097755432,0.6782824397087097,41.4090576171875,0.5331268310546875,0.4814926087856293,82.18567657470703,0.7015721797943115,0.7874389886856079,30.746030807495117,0.5663635730743408,0.6328057646751404,21.49357795715332,4.54391689236751,3.528438224012203,0.318494636989274,0.30572318473817406,0.3125364999026669,0.38174031535915903,88.0,0.1601715087890625,0.1212158203125,0.111358642578125,0.0870819091796875,0.0313720703125,0.0144500732421875,0.0152435302734375,0.0171966552734375,0.019744873046875,0.027923583984375,0.0434112548828125,0.0653076171875,0.121795654296875,0.1202545166015625,0.0323638916015625,0.0111083984375,0.0243988037109375,0.017486572265625,0.03265380859375,0.029754638671875,0.025848388671875,0.0287933349609375,0.0323486328125,0.0404510498046875,0.0414886474609375,0.044342041015625,0.0404052734375,0.0358734130859375,0.0448760986328125,0.0664825439453125,0.1176910400390625,0.377105712890625,0.020267460495233536,1.0,0.4649422764778137,0.4554443359375,0.2995305061340332,2,all,pca,-8.526977495354673,3.1091507308583033,-8.526977495354673,3.1091507308583033,,
image_013.png,0.5784313678741455,0.2054821103811264,0.2263374626636505,0.1975703090429306,19.2662410736084,39.76509381071352,0.3722051680088043,0.22697633504867554,26.833894729614258,0.4762309789657593,0.24463041126728058,19.818544387817383,0.3790700435638428,0.29511258006095886,34.70099639892578,0.5662392377853394,0.07529556751251221,25.269222259521484,0.5903550982475281,0.31515368819236755,12.233682632446289,0.5790096521377563,0.1881791204214096,22.86791229248047,0.7046956419944763,0.1605299711227417,359.64114248752594,0.6090120673179626,0.35030612349510193,10.0103120803833,0.7649113535881042,0.43215829133987427,10.724199295043945,4.661891755926631,3.098172338691527,0.3538037076074152,0.4055024971523701,0.1279681065451678,0.4665293963024621,5.0,0.0001373291015625,0.01287841796875,0.01861572265625,0.0401153564453125,0.0528717041015625,0.0929107666015625,0.096832275390625,0.07403564453125,0.0883026123046875,0.0970611572265625,0.1165008544921875,0.1379852294921875,0.0642852783203125,0.035552978515625,0.0451812744140625,0.0267333984375,0.1942596435546875,0.145782470703125,0.116729736328125,0.0727996826171875,0.1176910400390625,0.102294921875,0.0687255859375,0.0514984130859375,0.0607757568359375,0.031158447265625,0.0105133056640625,0.0067138671875,0.0062103271484375,0.0047454833984375,0.0052337646484375,0.0048675537109375,0.017898252233862877,1.0,0.6258841156959534,0.5361418724060059,0.49679356813430786,1,all,pca,1.3256982703948956,0.48854890937363293,1.3256982703948956,0.48854890937363293,,
image_014.png,0.6764706373214722,0.1283339411020279,0.14432989060878754,0.1028454527258873,28.151880264282227,8.421159495463474,0.7693700194358826,0.1711655855178833,34.72277069091797,0.7608242034912109,0.22200211882591248,31.022850036621094,0.6988039612770081,0.13474778831005096,33.00376510620117,0.7057881951332092,0.1558639407157898,33.05514144897461,0.6244515776634216,0.3192664086818695,21.064208984375,0.6369512677192688,0.1353408545255661,29.765392303466797,0.6128609776496887,0.25351348519325256,24.400854110717773,0.5468050837516785,0.19856978952884674,21.954191207885742,0.49722716212272644,0.11662528663873672,24.379711151123047,3.7890188888955953,1.5618283827030066,0.12403124806249613,0.218945263684079,0.07285678580354911,0.7081979505123719,40.0,0.0,0.0,0.0,0.0014190673828125,0.023345947265625,0.023712158203125,0.0356292724609375,0.0465087890625,0.0820465087890625,0.1320037841796875,0.191192626953125,0.2132415771484375,0.244598388671875,0.0059661865234375,0.000335693359375,0.0,0.0,0.369873046875,0.306671142578125,0.1028289794921875,0.0334320068359375,0.087615966796875,0.077117919921875,0.02032470703125,0.001953125,0.00018310546875,0.0,0.0,0.0,0.0,0.0,0.0,0.007058027666062117,1.0,0.7095625996589661,0.6379474401473999,0.5900617837905884,1,all,pca,4.344904857136376,2.3919124166530845,4.344904857136376,2.3919124166530845,,
image_015.png,0.5078431367874146,0.2954363226890564,0.25806450843811035,0.22655868530273438,358.9209419488907,54.051502510364536,0.5608402490615845,0.43122029304504395,12.271482467651367,0.27903687953948975,0.22814597189426422,21.673830032348633,0.7095043063163757,0.5164200663566589,7.043478488922119,0.7281498312950134,0.3671778738498688,0.9653058648109436,0.2751370072364807,0.29223716259002686,16.663177490234375,0.776953399181366,0.44353950023651123,355.3645396232605,0.5383023619651794,0.2294386774301529,271.91092681884766,0.33763954043388367,0.2475213259458542,328.49177169799805,0.5670201182365417,0.2969554662704468,259.60355377197266,4.867359169264523,2.8134640722417212,0.38260276520553044,0.37064495219575433,0.1795495057527143,0.44980554205153134,4.0,0.0164642333984375,0.0685882568359375,0.058013916015625,0.0712738037109375,0.1119842529296875,0.0753021240234375,0.05023193359375,0.0430145263671875,0.03521728515625,0.043365478515625,0.0377197265625,0.0690460205078125,0.07147216796875,0.066131591796875,0.0833740234375,0.0988006591796875,0.0478057861328125,0.093902587890625,0.1275482177734375,0.2140655517578125,0.0917205810546875,0.063385009765625,0.0750885009765625,0.066619873046875,0.048828125,0.0381927490234375,0.0288543701171875,0.0255279541015625,0.025848388671875,0.022552490234375,0.0184783935546875,0.0115814208984375,0.024001482874155045,1.0,0.582548201084137,0.49407798051834106,0.47974419593811035,0,all,pca,-0.10705501151152572,0.21666357134723807,-0.10705501151152572,0.21666357134723807,,
image_016.png,0.5686274766921997,0.16828426718711853,0.02857142873108387,0.18699224293231964,241.8395767211914,34.45537925019562,0.6021921038627625,0.041034068912267685,254.4561309814453,0.531041145324707,0.3291323781013489,230.91969299316406,0.584688663482666,0.08514633029699326,263.1761169433594,0.5825252532958984,0.049171082675457,251.12112426757812,0.43323808908462524,0.2401442974805832,215.36929321289062,0.5724261999130249,0.017402030527591705,239.2857666015625,0.5109366774559021,0.09985467791557312,245.7120590209961,0.3929065763950348,0.26508548855781555,234.24368286132812,0.5509178638458252,0.010807231068611145,247.23992919921875,3.6428413611195003,2.6207184478923384,0.24601649203298406,0.31275201612903225,0.23626512096774194,0.4509828629032258,4.0,0.0112457275390625,0.02191162109375,0.0260009765625,0.0377044677734375,0.0411376953125,0.0291595458984375,0.0234375,0.044036865234375,0.1800689697265625,0.4472503662109375,0.0719757080078125,0.008331298828125,0.0096435546875,0.0169525146484375,0.014678955078125,0.0164642333984375,0.6787872314453125,0.0308074951171875,0.0423126220703125,0.0438232421875,0.0367889404296875,0.0310516357421875,0.032318115234375,0.0333251953125,0.025482177734375,0.01861572265625,0.0116729736328125,0.0066375732421875,0.004180908203125,0.0023651123046875,0.001129150390625,0.000701904296875,0.01504570059478283,1.0,0.50700843334198,0.5179634094238281,0.5531252026557922,1,all,pca,4.911239577872559,-1.31025321166713,4.911239577872559,-1.31025321166713,,
image_017.png,0.32156863808631897,0.13571712374687195,0.46666663885116577,0.21538254618644714,357.31293058395386,77.2639123376672,0.4136209785938263,0.4778253436088562,26.03485107421875,0.32079678773880005,0.17364361882209778,246.39920043945312,0.24671603739261627,0.4102223813533783,4.167532444000244,0.4813496470451355,0.43698981404304504,23.59870147705078,0.29579079151153564,0.1333501785993576,248.74386596679688,0.22275958955287933,0.3771873712539673,1.554384708404541,0.48609912395477295,0.48434609174728394,27.465166091918945,0.2640562653541565,0.16896624863147736,261.1204376220703,0.3259151875972748,0.507353663444519,23.837350845336914,3.9902919976897806,1.9347350116878046,0.205499410998822,0.6403680796500226,0.05792728918388897,0.3017046311660884,8.0,0.0130615234375,0.0504150390625,0.056243896484375,0.130889892578125,0.2226715087890625,0.1317901611328125,0.1067962646484375,0.1556396484375,0.122100830078125,0.00225830078125,0.001068115234375,0.0008544921875,0.0007171630859375,0.0010223388671875,0.00262451171875,0.0018463134765625,0.0620269775390625,0.2828521728515625,0.0234375,0.0084228515625,0.00799560546875,0.012054443359375,0.0156097412109375,0.2461700439453125,0.1995697021484375,0.1136016845703125,0.024993896484375,0.0010986328125,0.00079345703125,0.0003509521484375,0.000244140625,0.0007781982421875,0.011225370690226555,1.0,0.4552900493144989,0.32201749086380005,0.22428786754608154,0,all,pca,-3.8068942740482012,-3.374148037693962,-3.8068942740482012,-3.374148037693962,,
image_018.png,0.686274528503418,0.2778417766094208,0.35593217611312866,0.27580344676971436,17.446977615356445,62.38436173920581,0.44205063581466675,0.4263540804386139,338.5785274505615,0.3488388657569885,0.3131937086582184,311.53790283203125,0.7021702527999878,0.6182239651679993,252.95957946777344,0.6172454357147217,0.28788191080093384,17.543651580810547,0.5688415765762329,0.530354380607605,11.85138988494873,0.9107316732406616,0.20069295167922974,42.43238830566406,0.6221555471420288,0.2602550685405731,28.63812255859375,0.6336224675178528,0.49945154786109924,21.209854125976562,0.8004133105278015,0.1399751901626587,66.0676040649414,4.668898057772232,3.4994203358156213,0.23811147622295245,0.38139565160786354,0.155969274834006,0.46263507355813044,14.0,0.04107666015625,0.0408782958984375,0.02716064453125,0.014007568359375,0.0125274658203125,0.0598297119140625,0.071258544921875,0.060882568359375,0.0463409423828125,0.0555267333984375,0.072540283203125,0.07635498046875,0.072601318359375,0.07916259765625,0.160888671875,0.1089630126953125,0.1507720947265625,0.1486663818359375,0.0622711181640625,0.0487060546875,0.04644775390625,0.0649871826171875,0.110260009765625,0.072235107421875,0.0478363037109375,0.046051025390625,0.0498809814453125,0.050140380859375,0.028533935546875,0.01861572265625,0.0150299072265625,0.0395660400390625,0.014291947707533836,1.0,0.6965682506561279,0.5906738638877869,0.5602130889892578,1,all,pca,0.632752003614162,3.426282273560594,0.632752003614162,3.426282273560594,,
image_019.png,0.6294118165969849,0.16070909798145294,0.10160427540540695,0.2136714905500412,27.772014617919922,20.657832784158348,0.512864351272583,0.26216793060302734,27.535764694213867,0.42932412028312683,0.39777255058288574,23.16363525390625,0.5054054856300354,0.08153482526540756,27.264389038085938,0.6384971141815186,0.2124534398317337,27.898576736450195,0.6346181035041809,0.16989998519420624,28.3527774810791,0.6539333462715149,0.3118670582771301,26.23466682434082,0.6219434142112732,0.17420059442520142,27.504056930541992,0.6279793977737427,0.13849185407161713,30.43369483947754,0.6557204127311707,0.2119036465883255,31.39339828491211,3.6495977384655505,2.364763813844306,0.3208506417012834,0.1663768115942029,0.5317874396135266,0.30183574879227054,82.0,0.0091094970703125,0.0402984619140625,0.0206298828125,0.00787353515625,0.006103515625,0.00628662109375,0.01031494140625,0.032012939453125,0.1166534423828125,0.2255401611328125,0.3746337890625,0.1159820556640625,0.0135955810546875,0.0081634521484375,0.0085296630859375,0.0042724609375,0.2050628662109375,0.3841400146484375,0.0660858154296875,0.043304443359375,0.02880859375,0.02471923828125,0.0343170166015625,0.0387420654296875,0.0410614013671875,0.0527801513671875,0.0630950927734375,0.0170745849609375,0.000579833984375,0.0001068115234375,0.0001068115234375,1.52587890625e-05,0.016829553991556168,1.0,0.6556882858276367,0.5750388503074646,0.5183010101318359,1,all,pca,2.7530853471648613,1.6888426001980537,2.7530853471648613,1.6888426001980537,,
image_020.png,0.4117647111415863,0.27896562218666077,0.12820512056350708,0.2731573283672333,42.5333137512207,23.104336314189805,0.17766769230365753,0.2532532513141632,45.796417236328125,0.5454150438308716,0.6637817621231079,20.710529327392578,0.16897588968276978,0.4503014385700226,25.790708541870117,0.47639161348342896,0.2042325735092163,52.79568099975586,0.43514788150787354,0.3467768728733063,35.016841888427734,0.12722700834274292,0.1974329948425293,44.83478546142578,0.5681344866752625,0.1164480671286583,55.18425369262695,0.4956200420856476,0.12513870000839233,45.69928741455078,0.4301193952560425,0.06376586854457855,55.20270538330078,4.511942046990924,2.852623348276928,0.23169446338892677,0.4567166176077067,0.14329676210864328,0.39998662028365,12.0,0.2626190185546875,0.0380706787109375,0.0242919921875,0.030548095703125,0.04522705078125,0.055908203125,0.080322265625,0.0850067138671875,0.0973052978515625,0.059967041015625,0.0560455322265625,0.040283203125,0.0548858642578125,0.05596923828125,0.0135498046875,0.0,0.21051025390625,0.2852783203125,0.075164794921875,0.06646728515625,0.047515869140625,0.043304443359375,0.0426483154296875,0.0381622314453125,0.02020263671875,0.037689208984375,0.0221710205078125,0.0195770263671875,0.0155181884765625,0.01641845703125,0.020721435546875,0.0386505126953125,0.015999810770154,1.0,0.42445164918899536,0.38420623540878296,0.33607932925224304,0,all,pca,-0.9526484567726449,-2.3575923079717147,-0.9526484567726449,-2.3575923079717147,,
image_021.png,0.6470588445663452,0.13411179184913635,0.29411765933036804,0.21845749020576477,340.8867702484131,51.52173660833139,0.7485718727111816,0.32576265931129456,325.44234466552734,0.6953517198562622,0.34340405464172363,358.91414868831635,0.7669659852981567,0.3121641278266907,273.9375228881836,0.6560074090957642,0.4760448634624481,333.71601486206055,0.5875145196914673,0.5993852615356445,338.86801528930664,0.646320641040802,0.5981976985931396,325.11400604248047,0.683814287185669,0.2655198574066162,355.5091381072998,0.5631648898124695,0.24443809688091278,2.156618356704712,0.6494497060775757,0.2237021028995514,334.781457901001,3.9131391028531546,2.400497227905667,0.17237584475168952,0.3739771603273087,0.2890927074903336,0.3369301321823577,88.0,0.0,0.0,0.0,0.0,0.0017547607421875,0.0045928955078125,0.0324554443359375,0.0792694091796875,0.097991943359375,0.18157958984375,0.2169342041015625,0.1154022216796875,0.0546112060546875,0.1761322021484375,0.03436279296875,0.004913330078125,0.0023040771484375,0.011322021484375,0.033966064453125,0.2041015625,0.33984375,0.165863037109375,0.0566253662109375,0.020172119140625,0.009674072265625,0.0034637451171875,0.00341796875,0.0036773681640625,0.010223388671875,0.0710601806640625,0.0566864013671875,0.007598876953125,0.00978582538664341,1.0,0.7750568389892578,0.5540364384651184,0.6196131706237793,1,all,pca,3.0502233744439677,3.873067997226983,3.0502233744439677,3.873067997226983,,
image_022.png,0.49215686321258545,0.21118076145648956,0.3717277944087982,0.19349674880504608,29.352462768554688,71.571998571599,0.2719055712223053,0.1526128053665161,42.136680603027344,0.3935219347476959,0.32430505752563477,346.5309600830078,0.3790110647678375,0.2604018449783325,327.5291404724121,0.5189318060874939,0.3728565573692322,62.10022735595703,0.4875657558441162,0.3599940538406372,309.4297790527344,0.520160973072052,0.38566839694976807,337.8926658630371,0.6133216023445129,0.4695263206958771,40.688568115234375,0.6277835369110107,0.4947360157966614,29.535587310791016,0.5147080421447754,0.41210150718688965,36.855464935302734,4.716944654692666,3.9846450617764417,0.658999317998636,0.23791043371907047,0.41398532317245273,0.3481042431084768,87.0,0.0249176025390625,0.0433807373046875,0.0322418212890625,0.0511016845703125,0.0639495849609375,0.0921173095703125,0.0981597900390625,0.1081390380859375,0.110321044921875,0.1109771728515625,0.1192169189453125,0.06317138671875,0.021697998046875,0.02288818359375,0.02032470703125,0.01739501953125,0.0614166259765625,0.0867767333984375,0.0795745849609375,0.0814208984375,0.079620361328125,0.117645263671875,0.1296234130859375,0.1272430419921875,0.1143798828125,0.054931640625,0.0258636474609375,0.012603759765625,0.009735107421875,0.00762939453125,0.0058135986328125,0.0057220458984375,0.03925986588001251,1.0,0.5431366562843323,0.485612154006958,0.41497957706451416,0,all,pca,-1.1017809128580311,-0.8465250990725616,-1.1017809128580311,-0.8465250990725616,,
image_023.png,0.8254902362823486,0.25492948293685913,0.14166668057441711,0.17227476835250854,262.99134063720703,44.72106643141362,0.9412899017333984,0.23591668903827667,264.64646911621094,0.5695423483848572,0.3565644919872284,291.02600860595703,0.9037257432937622,0.11943576484918594,269.0020523071289,0.8993445634841919,0.14821112155914307,265.9148712158203,0.3412722945213318,0.46460774540901184,238.9396743774414,0.6156436204910278,0.1587696522474289,38.25898361206055,0.8547809720039368,0.09514942765235901,264.46863555908203,0.5042936205863953,0.22190111875534058,266.8866882324219,0.783017098903656,0.09413512796163559,247.50035095214844,4.140745014947608,2.827728309427209,0.2723975447950896,0.39877091157391603,0.35142824627290314,0.24980084215318082,90.0,0.0031585693359375,0.01202392578125,0.00872802734375,0.022308349609375,0.108917236328125,0.055023193359375,0.0126190185546875,0.0116729736328125,0.013702392578125,0.021514892578125,0.0397491455078125,0.0713958740234375,0.1009063720703125,0.1168670654296875,0.2678985595703125,0.133514404296875,0.1811065673828125,0.2398834228515625,0.1857452392578125,0.0949859619140625,0.071075439453125,0.03863525390625,0.02490234375,0.03033447265625,0.0778045654296875,0.053558349609375,0.001708984375,0.0001983642578125,4.57763671875e-05,0.0,1.52587890625e-05,0.0,0.014829723164439201,1.0,0.6925137042999268,0.6842406392097473,0.7386605739593506,1,all,pca,6.145075164461887,2.529791955773398,6.145075164461887,2.529791955773398,,
image_024.png,0.727450966835022,0.23803545534610748,0.3968254029750824,0.21308308839797974,38.8934440612793,75.73459064965644,0.6248456239700317,0.3173585832118988,59.056026458740234,0.5283199548721313,0.18810176849365234,83.38826751708984,0.618302047252655,0.39695489406585693,21.37042999267578,0.7499773502349854,0.5443767309188843,23.965967178344727,0.7528899312019348,0.5201202630996704,19.308631896972656,0.5514857769012451,0.39909830689430237,45.92015075683594,0.4033065140247345,0.3280119001865387,275.07556915283203,0.7620554566383362,0.32375431060791016,200.5039825439453,0.6778433918952942,0.333482950925827,149.88414001464844,4.407330503607408,3.831845046848817,0.2836505673011346,0.17382513661202187,0.3714207650273224,0.4547540983606557,82.0,0.0426788330078125,0.0156097412109375,0.0141143798828125,0.0206146240234375,0.0225067138671875,0.0316009521484375,0.0585174560546875,0.0714263916015625,0.0474853515625,0.041168212890625,0.06390380859375,0.135406494140625,0.300018310546875,0.0434417724609375,0.0320892333984375,0.059417724609375,0.0782623291015625,0.0821533203125,0.0525665283203125,0.1080474853515625,0.072540283203125,0.072357177734375,0.11334228515625,0.14898681640625,0.15728759765625,0.044097900390625,0.012542724609375,0.009429931640625,0.009246826171875,0.007537841796875,0.005950927734375,0.0256500244140625,0.01572294905781746,1.0,0.6811552047729492,0.6298675537109375,0.5650199055671692,1,all,pca,0.7244806223450058,3.737088229443394,0.7244806223450058,3.737088229443394,,
image_025.png,0.5686274766921997,0.16846220195293427,0.7008546590805054,0.21644672751426697,28.330463409423828,5.5294847522804425,0.6417214274406433,0.6751940250396729,29.285770416259766,0.7453460693359375,0.9343790411949158,34.020355224609375,0.6741222739219666,0.8351445198059082,33.28193664550781,0.45997586846351624,0.6330630779266357,25.42369842529297,0.5719207525253296,0.7586860656738281,27.979063034057617,0.6180465221405029,0.8198869824409485,31.36711311340332,0.33762773871421814,0.4791345000267029,23.006542205810547,0.48765242099761963,0.7507946491241455,25.107452392578125,0.396428644657135,0.5297040939331055,25.59244728088379,4.373187374354182,1.2318512697937458,0.29006758013516026,0.2381105055039008,0.16447579352356526,0.5974137009725339,165.0,0.00018310546875,0.0038604736328125,0.0061187744140625,0.0250091552734375,0.0677490234375,0.0866851806640625,0.0991973876953125,0.1162872314453125,0.085845947265625,0.1168975830078125,0.1521453857421875,0.124603271484375,0.079681396484375,0.0350189208984375,0.0007171630859375,0.0,3.0517578125e-05,0.0001983642578125,0.0006256103515625,0.0009765625,0.0017852783203125,0.07830810546875,0.08331298828125,0.0380096435546875,0.0600128173828125,0.0795135498046875,0.1312103271484375,0.093994140625,0.050445556640625,0.048675537109375,0.08050537109375,0.2523956298828125,0.01286255568265915,1.0,0.7891135215759277,0.535939633846283,0.3060956299304962,2,all,pca,-7.520926164831926,6.595670589351452,-7.520926164831926,6.595670589351452,,
image_026.png,0.4235294461250305,0.15223325788974762,0.30693069100379944,0.16869932413101196,3.3196823596954346,54.37803588428232,0.564268171787262,0.2596852481365204,275.7748489379883,0.4432273805141449,0.3469851016998291,19.350461959838867,0.4272838532924652,0.19174019992351532,16.92051124572754,0.5973933339118958,0.173859104514122,251.0188751220703,0.44455990195274353,0.3410996198654175,16.66305923461914,0.3197180926799774,0.37694692611694336,15.019962310791016,0.414211243391037,0.2552640438079834,314.4020080566406,0.32290688157081604,0.4377160966396332,16.448888778686523,0.2904553711414337,0.4123246669769287,2.7944231033325195,4.273232105419064,3.1172669758787745,0.3974207948415897,0.26852574102964116,0.2340873634945398,0.49738689547581905,12.0,4.57763671875e-05,0.0187225341796875,0.0430145263671875,0.0632171630859375,0.1111602783203125,0.14154052734375,0.1613311767578125,0.180450439453125,0.1146087646484375,0.05682373046875,0.0384979248046875,0.047332763671875,0.022918701171875,0.000335693359375,0.0,0.0,0.0940704345703125,0.0718536376953125,0.0699462890625,0.1002960205078125,0.1892852783203125,0.156982421875,0.1029510498046875,0.073486328125,0.057403564453125,0.0436553955078125,0.0243377685546875,0.009307861328125,0.0041046142578125,0.00146484375,0.000579833984375,0.000274658203125,0.019044220447540283,1.0,0.49875161051750183,0.37774762511253357,0.3577788770198822,0,all,pca,-1.3975970268651696,-2.547897242136012,-1.3975970268651696,-2.547897242136012,,
image_027.png,0.6411764621734619,0.31330421566963196,0.29411762952804565,0.17980924248695374,17.13160514831543,19.876075989709314,0.30383744835853577,0.29295164346694946,22.71285629272461,0.2833326756954193,0.31174880266189575,15.182324409484863,0.22016362845897675,0.25769948959350586,10.430709838867188,0.5901749134063721,0.275227427482605,20.338539123535156,0.5938617587089539,0.4490344524383545,12.34464168548584,0.5879813432693481,0.4435619115829468,10.709031105041504,0.9100775718688965,0.08537781238555908,24.73263168334961,0.8172041773796082,0.23925335705280304,18.50758171081543,0.8731988668441772,0.22911201417446136,20.59646224975586,4.59738240839834,2.3732879712475663,0.30076260152520307,0.24639249639249639,0.1756854256854257,0.577922077922078,30.0,0.1149749755859375,0.0382080078125,0.023895263671875,0.024322509765625,0.0294342041015625,0.0342864990234375,0.0377960205078125,0.0523529052734375,0.060333251953125,0.0675811767578125,0.073699951171875,0.08123779296875,0.0589447021484375,0.03277587890625,0.20819091796875,0.0619659423828125,0.12249755859375,0.087860107421875,0.1014556884765625,0.0991973876953125,0.1329345703125,0.1434783935546875,0.1209869384765625,0.0975799560546875,0.0438385009765625,0.0252227783203125,0.009124755859375,0.0035400390625,0.00213623046875,0.001312255859375,0.00048828125,0.0083465576171875,0.01493575144559145,1.0,0.6488606929779053,0.5395737290382385,0.5044436454772949,1,all,pca,0.8489964209053661,1.747823054870958,0.8489964209053661,1.747823054870958,,
image_028.png,0.7431372404098511,0.19130320847034454,0.28057554364204407,0.17074115574359894,346.95799350738525,70.20457860925471,0.6296424269676208,0.3554133474826813,11.75360107421875,0.8588924407958984,0.42215582728385925,344.976487159729,0.6502789258956909,0.27563977241516113,38.93769836425781,0.5820666551589966,0.26113688945770264,3.3949317932128906,0.6431863903999329,0.3144746720790863,3.757068634033203,0.7074247598648071,0.3355255722999573,15.651222229003906,0.8068807721138,0.28381210565567017,227.6002960205078,0.7519037127494812,0.2613319754600525,296.97071075439453,0.7853670120239258,0.13296961784362793,262.5249710083008,4.415030381031025,3.989412478013276,0.26722053444106886,0.23822505800464036,0.2988399071925754,0.4629350348027842,75.0,0.0,9.1552734375e-05,0.001861572265625,0.0163421630859375,0.02801513671875,0.0286102294921875,0.028106689453125,0.042816162109375,0.0639495849609375,0.0832061767578125,0.09783935546875,0.1250152587890625,0.106689453125,0.127593994140625,0.1655120849609375,0.0843505859375,0.0463409423828125,0.16253662109375,0.0931549072265625,0.1245574951171875,0.1481781005859375,0.1332550048828125,0.107208251953125,0.069793701171875,0.0490264892578125,0.0270843505859375,0.0155792236328125,0.0079803466796875,0.00665283203125,0.00408935546875,0.0020599365234375,0.00250244140625,0.012150449678301811,1.0,0.7625903487205505,0.6919346451759338,0.6685847043991089,1,all,pca,3.8823261646904386,3.841137922026123,3.8823261646904386,3.841137922026123,,
image_029.png,0.3392156958580017,0.22849836945533752,0.20670388638973236,0.1714065670967102,54.763885498046875,71.83438480696218,0.30633506178855896,0.21929572522640228,109.54212951660156,0.2488320916891098,0.189434215426445,203.38827514648438,0.32639145851135254,0.17029891908168793,104.22139739990234,0.28407058119773865,0.2818024456501007,64.89952087402344,0.6463176608085632,0.4305587112903595,3.921095609664917,0.4460376799106598,0.22627590596675873,49.746612548828125,0.25772055983543396,0.20040203630924225,90.56652069091797,0.43978944420814514,0.2838229238986969,4.129318714141846,0.4620048999786377,0.20858755707740784,36.11601257324219,4.750409645699145,4.43471306240613,0.5483910967821936,0.2459016393442623,0.1978518937252685,0.5562464669304692,145.0,0.03277587890625,0.0846099853515625,0.128875732421875,0.1054534912109375,0.1077728271484375,0.0928802490234375,0.0790863037109375,0.072967529296875,0.069549560546875,0.0636444091796875,0.043701171875,0.03973388671875,0.030120849609375,0.017059326171875,0.022705078125,0.009063720703125,0.0481109619140625,0.1706390380859375,0.217376708984375,0.1896820068359375,0.14068603515625,0.0955047607421875,0.0459747314453125,0.021270751953125,0.0147857666015625,0.0097808837890625,0.007904052734375,0.0067901611328125,0.0074920654296875,0.00714111328125,0.00732421875,0.0095367431640625,0.025020981207489967,1.0,0.4105753004550934,0.37935057282447815,0.3301750421524048,0,all,pca,-0.8819977415023289,-4.6009580824331575,-0.8819977415023289,-4.6009580824331575,,
image_030.png,0.41372549533843994,0.21791286766529083,0.4244253635406494,0.23460200428962708,71.85783386230469,64.74208185334886,0.4153750240802765,0.24144452810287476,79.04908752441406,0.611435055732727,0.4071836769580841,41.55997085571289,0.2939159572124481,0.43238627910614014,99.02061462402344,0.39512312412261963,0.3502986431121826,62.45188522338867,0.71393883228302,0.5454081296920776,17.057470321655273,0.36355355381965637,0.49940651655197144,96.41053009033203,0.33382824063301086,0.6497599482536316,101.79206848144531,0.5636740326881409,0.46126553416252136,13.155434608459473,0.49094635248184204,0.7202740907669067,208.48846435546875,4.628177734253986,3.507527257623106,0.4789044578089156,0.2346829789299932,0.2300870634689452,0.5352299576010616,164.0,0.0006256103515625,0.0096588134765625,0.044281005859375,0.090850830078125,0.15130615234375,0.1390228271484375,0.103729248046875,0.092681884765625,0.0788116455078125,0.0505523681640625,0.0469818115234375,0.046539306640625,0.039794921875,0.042724609375,0.0487213134765625,0.0137176513671875,0.013519287109375,0.021240234375,0.0330963134765625,0.0920867919921875,0.13665771484375,0.1300811767578125,0.089691162109375,0.0640411376953125,0.06121826171875,0.0534820556640625,0.0615692138671875,0.0779266357421875,0.059326171875,0.0458526611328125,0.032196044921875,0.02801513671875,0.021548697724938393,1.0,0.4501662254333496,0.5101365447044373,0.4149344265460968,2,all,pca,-4.84713930597891,0.5668381398937107,-4.84713930597891,0.5668381398937107,,
image_031.png,0.3764705955982208,0.20153217017650604,0.302752286195755,0.20196039974689484,40.82903289794922,56.201081523329584,0.36501526832580566,0.4292594790458679,59.593624114990234,0.4598599672317505,0.4892858564853668,29.951717376708984,0.42573001980781555,0.41715216636657715,23.41265869140625,0.3509298861026764,0.2249823957681656,61.11796951293945,0.4128768742084503,0.32301250100135803,1.1229511499404907,0.3341423273086548,0.16417808830738068,309.0014877319336,0.32463669776916504,0.22946079075336456,82.04386138916016,0.4033311903476715,0.2666947543621063,41.45533752441406,0.35450348258018494,0.255372554063797,51.46746063232422,4.630845200035514,4.092969247749089,0.7584165168330337,0.28561209891681993,0.21160842019211118,0.5027794808910688,177.0,0.0308685302734375,0.080535888671875,0.0870819091796875,0.09295654296875,0.1009368896484375,0.105194091796875,0.1107177734375,0.14013671875,0.0795440673828125,0.0482940673828125,0.038482666015625,0.0324859619140625,0.0277252197265625,0.0137481689453125,0.0067901611328125,0.0045013427734375,0.1226806640625,0.104705810546875,0.0909881591796875,0.097198486328125,0.1005859375,0.097259521484375,0.130340576171875,0.1096343994140625,0.046783447265625,0.029571533203125,0.0252838134765625,0.0156402587890625,0.0094146728515625,0.0066986083984375,0.007781982421875,0.00543212890625,0.0503731295466423,1.0,0.45541101694107056,0.384082555770874,0.29535743594169617,0,all,pca,-2.5066000411305036,-3.6032247899875847,-2.5066000411305036,-3.6032247899875847,,
image_032.png,0.48235297203063965,0.29313358664512634,0.35177865624427795,0.23579740524291992,12.682794570922852,50.56909956350055,0.30066871643066406,0.2721432149410248,1.335547924041748,0.42610734701156616,0.2886507213115692,16.913818359375,0.4847152829170227,0.38186225295066833,18.901702880859375,0.3189076781272888,0.29586032032966614,346.08745288848877,0.5910045504570007,0.47555506229400635,14.66348648071289,0.3891051709651947,0.3723575174808502,12.352629661560059,0.5661364197731018,0.40724366903305054,20.591032028198242,0.39279234409332275,0.3529953062534332,12.668211936950684,0.11374512314796448,0.14517010748386383,355.7090096473694,4.428483459517587,2.8036544097790563,0.3350641701283403,0.22588703335337929,0.20807697645371698,0.5660359901929037,45.0,0.2062835693359375,0.1306304931640625,0.0486602783203125,0.0217437744140625,0.0177154541015625,0.0201873779296875,0.027862548828125,0.039337158203125,0.0608978271484375,0.0999908447265625,0.1204986572265625,0.09881591796875,0.0757293701171875,0.0314788818359375,0.0001678466796875,0.0,0.173583984375,0.0955810546875,0.0717926025390625,0.0417327880859375,0.0555267333984375,0.103424072265625,0.1004180908203125,0.09979248046875,0.0842132568359375,0.072601318359375,0.0463714599609375,0.0211029052734375,0.0121612548828125,0.0072174072265625,0.0025177001953125,0.011962890625,0.016736023128032684,1.0,0.4863155484199524,0.3620617389678955,0.30926817655563354,0,all,pca,-2.114621423311421,-0.8693749418610012,-2.114621423311421,-0.8693749418610012,,
image_033.png,0.6392157077789307,0.17753833532333374,0.37931033968925476,0.17270424962043762,357.1660361289978,63.171834257895966,0.7629261016845703,0.36411792039871216,356.53567814826965,0.6922304034233093,0.5169422626495361,12.326217651367188,0.7326514720916748,0.35678157210350037,353.7647285461426,0.6765590310096741,0.3502090275287628,11.99893856048584,0.6519618034362793,0.5178863406181335,9.031878471374512,0.6221917271614075,0.33983975648880005,9.677238464355469,0.5981671810150146,0.3450280725955963,224.11489868164062,0.5159308910369873,0.371804803609848,6.268574237823486,0.3960898518562317,0.3004100024700165,262.7065963745117,4.47067486188281,2.8272221544514298,0.43426436852873707,0.19216904022557732,0.33429703394367705,0.4735339258307456,88.0,0.00433349609375,0.0071868896484375,0.006591796875,0.0082855224609375,0.02459716796875,0.0384368896484375,0.0459442138671875,0.085174560546875,0.124053955078125,0.1274566650390625,0.11798095703125,0.1392059326171875,0.124603271484375,0.0860443115234375,0.0413665771484375,0.01873779296875,0.0394134521484375,0.0462646484375,0.0366668701171875,0.062255859375,0.145477294921875,0.158660888671875,0.159271240234375,0.1168212890625,0.089141845703125,0.0603179931640625,0.036956787109375,0.0223388671875,0.0144500732421875,0.008209228515625,0.0032196044921875,0.0005340576171875,0.018183644860982895,1.0,0.7052369117736816,0.5579858422279358,0.5495474338531494,1,all,pca,0.8783024217911379,3.405910454813171,0.8783024217911379,3.405910454813171,,
image_034.png,0.458823561668396,0.2532574236392975,0.26907631754875183,0.1534784883260727,14.602619171142578,40.39080242463566,0.2972627878189087,0.17997005581855774,350.472617149353,0.6405229568481445,0.36233463883399963,19.735898971557617,0.2339942753314972,0.1424635648727417,7.03002405166626,0.3729759156703949,0.24879863858222961,14.089162826538086,0.618452787399292,0.34091120958328247,21.350547790527344,0.3696599006652832,0.25863057374954224,16.285015106201172,0.2135704606771469,0.17669832706451416,18.300395965576172,0.540074348449707,0.32478323578834534,19.55392837524414,0.1728605479001999,0.09731271862983704,6.4854207038879395,4.451716598889713,2.5289990970373815,0.29925909851819704,0.29414202102864245,0.1950069922825918,0.5108509866887657,162.0,0.1826324462890625,0.1044769287109375,0.0472564697265625,0.0330657958984375,0.0309906005859375,0.0361480712890625,0.0465240478515625,0.068511962890625,0.10943603515625,0.1316070556640625,0.1130218505859375,0.072662353515625,0.0196990966796875,0.00396728515625,0.0,0.0,0.217620849609375,0.07171630859375,0.0529327392578125,0.0861053466796875,0.227020263671875,0.1521148681640625,0.109161376953125,0.06610107421875,0.0138092041015625,0.001922607421875,0.0009307861328125,0.0001983642578125,0.00018310546875,0.0,0.0,0.00018310546875,0.014840325340628624,1.0,0.46127867698669434,0.3598064184188843,0.3060228228569031,0,all,pca,-0.4076324938457822,-2.785776566549116,-0.4076324938457822,-2.785776566549116,,
image_035.png,0.5686274766921997,0.2535555958747864,0.6999999284744263,0.2287590205669403,29.93494415283203,37.14869211567386,0.529746413230896,0.5416455864906311,44.099853515625,0.6005439162254333,0.7105047106742859,39.62301254272461,0.5422993302345276,0.5426625609397888,59.36750793457031,0.5622525215148926,0.7386862635612488,25.745609283447266,0.4914868175983429,0.7803518176078796,21.065340042114258,0.5157482624053955,0.8059696555137634,30.73856544494629,0.5841709971427917,0.6167568564414978,32.243072509765625,0.6790186166763306,0.6906684041023254,352.6387324333191,0.6604046821594238,0.7217954993247986,16.11193084716797,4.840232223285358,3.33064021710761,0.569238638477277,0.30526889040163374,0.2236351259360109,0.47109598366235533,0.0,0.00274658203125,0.0193023681640625,0.0376434326171875,0.0463409423828125,0.073394775390625,0.081146240234375,0.1003570556640625,0.0704498291015625,0.0625457763671875,0.0653533935546875,0.0713043212890625,0.06585693359375,0.0697784423828125,0.0775299072265625,0.06170654296875,0.09454345703125,0.0,0.011627197265625,0.024017333984375,0.01953125,0.01885986328125,0.0251617431640625,0.0424957275390625,0.0638427734375,0.094329833984375,0.0965118408203125,0.0871124267578125,0.080413818359375,0.09075927734375,0.084136962890625,0.09478759765625,0.166412353515625,0.026074105873703957,1.0,0.7312521934509277,0.5573796033859253,0.4292695224285126,2,all,pca,-6.963192001983998,5.911368169028162,-6.963192001983998,5.911368169028162,,
image_036.png,0.5411764979362488,0.24258758127689362,0.4554455876350403,0.16463029384613037,55.05673599243164,39.07677357444137,0.6604111790657043,0.4410991966724396,40.30428695678711,0.5875997543334961,0.44526392221450806,33.137542724609375,0.49874037504196167,0.4525575041770935,59.50924301147461,0.43872830271720886,0.5021779537200928,54.20149612426758,0.6279921531677246,0.5853353142738342,27.25798225402832,0.3514347970485687,0.4992600381374359,75.18464660644531,0.6037890911102295,0.4052801728248596,68.4599838256836,0.5852528214454651,0.4004829227924347,59.69593048095703,0.19612747430801392,0.5125783085823059,87.94239807128906,4.711997669958318,3.6358594453110067,0.667245334490669,0.2586415164467571,0.1980347519048504,0.5433237316483925,16.0,0.0004119873046875,0.0684661865234375,0.09747314453125,0.056488037109375,0.04791259765625,0.0506744384765625,0.0572662353515625,0.06634521484375,0.083587646484375,0.086517333984375,0.0921630859375,0.1023712158203125,0.1013946533203125,0.06439208984375,0.0244903564453125,4.57763671875e-05,0.00048828125,0.0066375732421875,0.0175323486328125,0.0446929931640625,0.09869384765625,0.1404266357421875,0.1494598388671875,0.14044189453125,0.117523193359375,0.098846435546875,0.0756378173828125,0.051300048828125,0.029144287109375,0.016571044921875,0.00921630859375,0.003387451171875,0.03093925677239895,1.0,0.576725959777832,0.5508566498756409,0.38442373275756836,2,all,pca,-3.846240343660932,1.9651486963432905,-3.846240343660932,1.9651486963432905,,
image_037.png,0.39411765336990356,0.18179798126220703,0.32682934403419495,0.16470201313495636,27.415578842163086,10.210915163645621,0.5718130469322205,0.3113674521446228,33.705265045166016,0.272285521030426,0.4297080934047699,30.039003372192383,0.39098042249679565,0.39649906754493713,33.97473907470703,0.5624034404754639,0.3337693214416504,29.29878044128418,0.3164146840572357,0.4570790231227875,23.032695770263672,0.373321533203125,0.3434799015522003,32.30071258544922,0.38174885511398315,0.3940563201904297,23.081228256225586,0.36819103360176086,0.4176865220069885,14.505820274353027,0.26979580521583557,0.4192523658275604,26.41373062133789,4.35441435621218,1.7160512946114084,0.375751751503503,0.3423809916673542,0.14054120947116575,0.5170777988614801,4.0,0.0145263671875,0.061004638671875,0.087982177734375,0.107879638671875,0.0982513427734375,0.0930328369140625,0.1598052978515625,0.0699310302734375,0.04779052734375,0.158721923828125,0.0791778564453125,0.0121917724609375,0.005279541015625,0.002777099609375,0.00091552734375,0.000732421875,0.0032958984375,0.0195159912109375,0.027191162109375,0.0717010498046875,0.30645751953125,0.1839141845703125,0.0841827392578125,0.068267822265625,0.0532989501953125,0.0513763427734375,0.059906005859375,0.0404052734375,0.018524169921875,0.0088653564453125,0.0025177001953125,0.000579833984375,0.0213019959628582,1.0,0.5057035088539124,0.37217217683792114,0.27291440963745117,0,all,pca,-4.035453227555351,-1.6890328548177524,-4.035453227555351,-1.6890328548177524,,
image_038.png,0.729411780834198,0.11631570011377335,0.3809523284435272,0.13968425989151,30.02752113342285,17.21995221746599,0.7676391005516052,0.4033694565296173,29.07709312438965,0.8217936158180237,0.41873040795326233,29.96470832824707,0.7606815099716187,0.4473634362220764,37.88367462158203,0.6910664439201355,0.37633273005485535,28.038938522338867,0.6492147445678711,0.1952398270368576,28.39417266845703,0.8149701356887817,0.41170230507850647,35.13730239868164,0.6036857962608337,0.36009010672569275,27.90827178955078,0.6004418134689331,0.3425213396549225,25.051626205444336,0.7324839234352112,0.4008546471595764,30.527830123901367,3.818518159760665,1.6683186923106996,0.3703887407774816,0.21384332105791765,0.2656093069969869,0.5205473719450954,71.0,0.0006561279296875,0.00048828125,0.000701904296875,0.0021514892578125,0.0031585693359375,0.0047454833984375,0.00921630859375,0.026397705078125,0.0492706298828125,0.0855712890625,0.17266845703125,0.21905517578125,0.210693359375,0.176177978515625,0.039031982421875,1.52587890625e-05,0.028564453125,0.0310516357421875,0.0489959716796875,0.06732177734375,0.0980072021484375,0.198455810546875,0.2331695556640625,0.1332550048828125,0.065643310546875,0.0618743896484375,0.0270233154296875,0.00421142578125,0.0018157958984375,0.0004425048828125,0.000152587890625,1.52587890625e-05,0.01815086230635643,1.0,0.8164524435997009,0.7091372013092041,0.6147986054420471,1,all,pca,1.4628905251021176,6.048714363413702,1.4628905251021176,6.048714363413702,,
image_039.png,0.8078431487083435,0.27185574173927307,0.06666667014360428,0.2310810685157776,29.205575942993164,39.706857606230656,0.8906712532043457,0.039697110652923584,27.76521873474121,0.5047183632850647,0.3999786972999573,2.684481143951416,0.7569233775138855,0.0982142835855484,49.94431686401367,0.8505778312683105,0.07870976626873016,44.94605255126953,0.3281199634075165,0.4483369290828705,358.81110870838165,0.605692446231842,0.17712268233299255,47.0572395324707,0.8832533359527588,0.055115699768066406,41.017696380615234,0.45796439051628113,0.3995787799358368,4.0651116371154785,0.7066562175750732,0.17077188193798065,46.73405075073242,4.0944016465256245,3.243743650424622,0.2781015562031124,0.3570393490134879,0.14881284137777281,0.4941478096087393,1.0,0.021636962890625,0.0251617431640625,0.02593994140625,0.0292510986328125,0.04107666015625,0.059417724609375,0.0640869140625,0.0508575439453125,0.0217437744140625,0.01507568359375,0.030975341796875,0.046630859375,0.077484130859375,0.114288330078125,0.375244140625,0.001129150390625,0.46502685546875,0.171295166015625,0.0159912109375,0.0115966796875,0.012908935546875,0.0184783935546875,0.03790283203125,0.0894012451171875,0.08282470703125,0.0499114990234375,0.0195770263671875,0.01190185546875,0.0071258544921875,0.003509521484375,0.00140380859375,0.0011444091796875,0.01911875605583191,1.0,0.7215631604194641,0.6204805970191956,0.623228907585144,1,all,pca,3.7549847401856113,2.5900905100905036,3.7549847401856113,2.5900905100905036,,
image_040.png,0.4901960790157318,0.16002920269966125,0.13385827839374542,0.16667018830776215,67.1988525390625,81.28378349021112,0.5310664176940918,0.28974974155426025,43.493221282958984,0.5929021239280701,0.14329522848129272,111.46722412109375,0.538441002368927,0.2520432770252228,50.44761657714844,0.4738639295101166,0.29954293370246887,47.6915397644043,0.5512439012527466,0.12940415740013123,154.80140686035156,0.5672132968902588,0.10900618135929108,193.55384826660156,0.3996813893318176,0.3053228259086609,34.258262634277344,0.6923032999038696,0.12536831200122833,65.61231994628906,0.4655163586139679,0.04786890745162964,147.72752380371094,4.062136589566938,3.5369039571832355,0.3301971603943208,0.2298267849598648,0.2203445524104586,0.5498286626296766,15.0,0.000640869140625,0.0038299560546875,0.0076751708984375,0.0065155029296875,0.0078887939453125,0.0448455810546875,0.1756744384765625,0.298004150390625,0.1549072265625,0.0729217529296875,0.0694427490234375,0.0499114990234375,0.026458740234375,0.022125244140625,0.0226287841796875,0.036529541015625,0.3165435791015625,0.159423828125,0.1159210205078125,0.055267333984375,0.104827880859375,0.1146087646484375,0.0673980712890625,0.02960205078125,0.0161895751953125,0.006683349609375,0.0028839111328125,0.0016632080078125,0.001495361328125,0.0008392333984375,0.0003814697265625,0.0062713623046875,0.016945090144872665,1.0,0.5828830003738403,0.555433988571167,0.485343873500824,0,all,pca,2.6352815272678334,-1.3661451206337232,2.6352815272678334,-1.3661451206337232,,
image_041.png,0.4843137264251709,0.19865696132183075,0.1267605572938919,0.1728018969297409,42.89902877807617,29.318308889597848,0.6692847609519958,0.31419238448143005,34.769344329833984,0.5027860403060913,0.2155582755804062,30.620201110839844,0.5921024084091187,0.26267749071121216,33.67445373535156,0.6180780529975891,0.33385103940963745,42.666622161865234,0.4117828905582428,0.0915520042181015,38.08515930175781,0.45197582244873047,0.1242806538939476,45.439334869384766,0.5512797832489014,0.19375669956207275,49.300079345703125,0.42006224393844604,0.07098747789859772,52.65397644042969,0.45280811190605164,0.1017405316233635,60.11777114868164,4.5949740334953475,3.1531614181311602,0.5588846177692356,0.2841611892281665,0.20306736556008542,0.5127714452117481,10.0,1.52587890625e-05,0.0055999755859375,0.015655517578125,0.045013427734375,0.0852203369140625,0.1118316650390625,0.1268463134765625,0.1409149169921875,0.1050872802734375,0.07720947265625,0.0498046875,0.0595703125,0.0742950439453125,0.0556793212890625,0.0370635986328125,0.01019287109375,0.15631103515625,0.33489990234375,0.1923370361328125,0.0780487060546875,0.0673980712890625,0.048248291015625,0.0344390869140625,0.0208587646484375,0.0158843994140625,0.0124664306640625,0.0099945068359375,0.00775146484375,0.006927490234375,0.0056915283203125,0.0048370361328125,0.00390625,0.024287641048431396,1.0,0.5599900484085083,0.5323688387870789,0.46895527839660645,0,all,pca,1.788648553810967,-1.9267879023805414,1.788648553810967,-1.9267879023805414,,
image_042.png,0.4725490212440491,0.22631202638149261,0.20000000298023224,0.1753605455160141,48.14877700805664,63.81745977566038,0.6470181345939636,0.22520409524440765,33.227542877197266,0.6538034081459045,0.15425527095794678,312.8341064453125,0.5538663268089294,0.2377498894929886,53.06806945800781,0.5247675180435181,0.2851771116256714,44.33854293823242,0.32515501976013184,0.22700746357440948,16.256723403930664,0.5946613550186157,0.24337798357009888,74.58106994628906,0.3347402513027191,0.2951030731201172,61.60065460205078,0.3273259699344635,0.2973352074623108,33.783817291259766,0.4323407709598541,0.18469926714897156,108.15457153320312,4.765612581588622,4.325923696120814,0.7218364436728874,0.26087610049388016,0.19473910242645479,0.544384797079665,9.0,0.0029754638671875,0.028228759765625,0.059356689453125,0.0770263671875,0.08636474609375,0.099151611328125,0.0987091064453125,0.0837554931640625,0.0852508544921875,0.0953369140625,0.0863037109375,0.0680694580078125,0.0422821044921875,0.0273895263671875,0.01837158203125,0.0414276123046875,0.1358795166015625,0.164825439453125,0.166015625,0.1375274658203125,0.107940673828125,0.0923309326171875,0.0666656494140625,0.0438995361328125,0.03302001953125,0.024200439453125,0.011749267578125,0.0042877197265625,0.00177001953125,0.000457763671875,0.0001373291015625,0.0092926025390625,0.03066612035036087,1.0,0.5283358097076416,0.506433367729187,0.42937108874320984,0,all,pca,0.7526706349267973,-2.468110736430501,0.7526706349267973,-2.468110736430501,,
image_043.png,0.39803922176361084,0.14285019040107727,0.2380952686071396,0.1617138534784317,46.892799377441406,37.982642370912686,0.35571834444999695,0.22080795466899872,50.412559509277344,0.40508392453193665,0.2797456681728363,57.9895133972168,0.37395617365837097,0.14201940596103668,85.87940216064453,0.4450016915798187,0.33920523524284363,27.532434463500977,0.39214685559272766,0.31918448209762573,28.06787109375,0.45890936255455017,0.3169298768043518,47.1823844909668,0.4963163435459137,0.27517569065093994,49.44924545288086,0.3501282036304474,0.218315988779068,45.61106491088867,0.3928554356098175,0.2554823160171509,45.86758804321289,4.214142521350488,3.358551771345045,0.7269359538719078,0.2576600780400435,0.2001535213970447,0.5421864005629118,176.0,0.0006866455078125,0.0132598876953125,0.041290283203125,0.0847015380859375,0.1239776611328125,0.1685791015625,0.1756744384765625,0.1307830810546875,0.100921630859375,0.0752716064453125,0.0550994873046875,0.026092529296875,0.00341796875,0.0002288818359375,1.52587890625e-05,0.0,0.0796051025390625,0.1651763916015625,0.1433258056640625,0.1351470947265625,0.1164093017578125,0.1036834716796875,0.1011810302734375,0.0756072998046875,0.03765869140625,0.02044677734375,0.0102996826171875,0.00518798828125,0.002593994140625,0.002044677734375,0.0012969970703125,0.000335693359375,0.03134845942258835,1.0,0.4896330237388611,0.4235629141330719,0.317041277885437,0,all,pca,-1.353558302970582,-3.619941096637325,-1.353558302970582,-3.619941096637325,,
image_044.png,0.6078431606292725,0.2579914331436157,0.14457829296588898,0.2072320133447647,39.26316452026367,74.4388323292751,0.5112170577049255,0.1280752718448639,29.76475715637207,0.4074591398239136,0.19654320180416107,37.862083435058594,0.7680087089538574,0.23351669311523438,44.96674728393555,0.5511332154273987,0.1607271134853363,24.36053466796875,0.5256633758544922,0.35564732551574707,21.164804458618164,0.7717995643615723,0.22712424397468567,51.33390426635742,0.6955366730690002,0.14388687908649445,204.970458984375,0.7138952612876892,0.19429467618465424,193.5634002685547,0.6617721319198608,0.26177266240119934,46.600032806396484,4.55371094062012,3.8678751201143347,0.4016523033046066,0.4488094778682515,0.12395322810944313,0.4272372940223054,0.0,0.0352783203125,0.028076171875,0.0126953125,0.0164031982421875,0.0148468017578125,0.022247314453125,0.0638427734375,0.1152801513671875,0.1103973388671875,0.1029052734375,0.0822601318359375,0.0686798095703125,0.06103515625,0.0601654052734375,0.040283203125,0.1656036376953125,0.22711181640625,0.206298828125,0.151153564453125,0.094757080078125,0.0682830810546875,0.0802764892578125,0.06573486328125,0.0350799560546875,0.0192108154296875,0.009979248046875,0.005889892578125,0.0035858154296875,0.002685546875,0.001068115234375,0.0001373291015625,0.02874755859375,0.01890680566430092,1.0,0.6569679379463196,0.6204321384429932,0.5885645747184753,1,all,pca,3.5136018052798574,0.8557498687056068,3.5136018052798574,0.8557498687056068,,
image_045.png,0.7509803771972656,0.24632026255130768,0.24867722392082214,0.24117973446846008,52.497989654541016,109.7451980129318,0.642729640007019,0.4206185042858124,207.2636260986328,0.43017759919166565,0.22536906599998474,228.36178588867188,0.6589576601982117,0.4136883318424225,201.09451293945312,0.6592108607292175,0.2937411665916443,37.55397033691406,0.8208589553833008,0.5965386629104614,20.63924789428711,0.6557520627975464,0.2460402399301529,49.57787322998047,0.6247590184211731,0.14091135561466217,99.95378112792969,0.6848075985908508,0.36704328656196594,16.240232467651367,0.7116329669952393,0.16703464090824127,65.10730743408203,4.479072515597016,3.5434455219877514,0.3283061566123132,0.18214437467541664,0.285586138520372,0.5322694868042113,86.0,0.0,0.0,0.02056884765625,0.08172607421875,0.070037841796875,0.0377655029296875,0.0385284423828125,0.038055419921875,0.031036376953125,0.0391082763671875,0.0572509765625,0.08428955078125,0.166229248046875,0.130462646484375,0.1610260009765625,0.043914794921875,0.1680755615234375,0.12030029296875,0.1070556640625,0.106109619140625,0.0695343017578125,0.057525634765625,0.0337066650390625,0.021820068359375,0.0566864013671875,0.132171630859375,0.058807373046875,0.033355712890625,0.0216827392578125,0.008544921875,0.0031585693359375,0.00146484375,0.01778007484972477,1.0,0.6556280851364136,0.6580224633216858,0.6524238586425781,1,all,pca,1.7132490306354466,3.271982030183117,1.7132490306354466,3.271982030183117,,
image_046.png,0.1882352977991104,0.25878363847732544,0.3125,0.28046584129333496,12.05285930633545,63.940838175843645,0.11711731553077698,0.365418404340744,55.60835647583008,0.5787057280540466,0.5434299111366272,20.32386016845703,0.24823583662509918,0.0976732149720192,322.85657119750977,0.2043001651763916,0.44528794288635254,45.996036529541016,0.5308436155319214,0.5443434119224548,13.889815330505371,0.23701590299606323,0.4303874969482422,55.077823638916016,0.08540034294128418,0.15534467995166779,325.9366683959961,0.42358332872390747,0.3243899345397949,298.2575874328613,0.1161603033542633,0.17656797170639038,332.122709274292,4.505341578639994,4.0152560576906335,0.3148986297972596,0.19605237251427446,0.3063102973026186,0.4976373301831069,94.0,0.191192626953125,0.150115966796875,0.1565093994140625,0.1104278564453125,0.0547943115234375,0.04888916015625,0.0487823486328125,0.0333251953125,0.0385284423828125,0.0292205810546875,0.026275634765625,0.0222625732421875,0.0254364013671875,0.0271759033203125,0.026519775390625,0.0105438232421875,0.1926116943359375,0.1309967041015625,0.0788421630859375,0.051910400390625,0.045379638671875,0.06646728515625,0.0708770751953125,0.0781097412109375,0.069488525390625,0.057373046875,0.0353851318359375,0.0213623046875,0.0186309814453125,0.01788330078125,0.0217132568359375,0.04296875,0.01885819248855114,1.0,0.335121214389801,0.2731410264968872,0.22552165389060974,0,all,pca,-3.825309945816445,-4.045178917186756,-3.825309945816445,-4.045178917186756,,
image_047.png,0.656862735748291,0.27828240394592285,0.0714285671710968,0.1483258754014969,339.89844703674316,101.05544940985028,0.8447745442390442,0.05508892610669136,243.67699432373047,0.5427646040916443,0.13778294622898102,292.02117919921875,0.694058895111084,0.21866022050380707,233.4456329345703,0.8511942028999329,0.10943165421485901,265.45450592041016,0.25476357340812683,0.18017317354679108,0.6671537160873413,0.705545961856842,0.28828689455986023,282.30860137939453,0.6931053400039673,0.07014153152704239,0.6931355595588684,0.5616306066513062,0.039214279502630234,39.86491394042969,0.5025448799133301,0.06987795978784561,40.117977142333984,4.714364008616835,4.1073901043425005,0.29439208878417755,0.2652029695150845,0.28989627757594905,0.44490075290896647,87.0,0.0217132568359375,0.047027587890625,0.0372772216796875,0.047119140625,0.0302734375,0.0280303955078125,0.03326416015625,0.04205322265625,0.06427001953125,0.10650634765625,0.075347900390625,0.042236328125,0.0449066162109375,0.1228179931640625,0.16021728515625,0.0969390869140625,0.45758056640625,0.185638427734375,0.1016693115234375,0.0966949462890625,0.058868408203125,0.0396881103515625,0.02093505859375,0.0140838623046875,0.0095062255859375,0.00299072265625,0.0012054443359375,0.001312255859375,0.0012054443359375,0.0001678466796875,1.52587890625e-05,0.0084381103515625,0.015954304486513138,1.0,0.6373369693756104,0.6223608255386353,0.6191978454589844,1,all,pca,5.964678202771005,-0.16820201390099368,5.964678202771005,-0.16820201390099368,,
image_048.png,0.18627451360225677,0.21937307715415955,0.16883115470409393,0.15364550054073334,17.512775421142578,34.35149383198305,0.27478256821632385,0.19868981838226318,23.21451187133789,0.4001913368701935,0.09145679324865341,6.877266883850098,0.5385209918022156,0.06760752946138382,5.3281097412109375,0.24973717331886292,0.2647727131843567,28.852022171020508,0.3275356888771057,0.2446506917476654,21.90578269958496,0.1949494481086731,0.348469614982605,31.62925148010254,0.18038278818130493,0.16183598339557648,20.544906616210938,0.06224243715405464,0.10957853496074677,4.236008167266846,0.06488059461116791,0.1385974884033203,4.501025199890137,4.3159858309261905,3.0601818480373018,0.42203484406968816,0.2602468047598061,0.2122080211546937,0.5275451740855002,6.0,0.2418975830078125,0.15936279296875,0.1018829345703125,0.0922393798828125,0.0735626220703125,0.0557708740234375,0.040802001953125,0.047882080078125,0.0522003173828125,0.0394287109375,0.0403289794921875,0.046875,0.0076141357421875,0.000152587890625,0.0,0.0,0.2960662841796875,0.09832763671875,0.1526336669921875,0.1426239013671875,0.1235504150390625,0.08001708984375,0.0458221435546875,0.02838134765625,0.014617919921875,0.0086212158203125,0.0045013427734375,0.0020294189453125,0.00146484375,0.0007171630859375,0.0002288818359375,0.000396728515625,0.017770089209079742,1.0,0.29097816348075867,0.252365380525589,0.2178887575864792,0,all,pca,-1.691459624518426,-6.644419955806265,-1.691459624518426,-6.644419955806265,,
image_049.png,0.5901961326599121,0.25696706771850586,0.08571427315473557,0.1966894567012787,9.03811264038086,24.181482762771683,0.5547686815261841,0.023294029757380486,345.3286437988281,0.45948493480682373,0.1869811862707138,9.521673202514648,0.6596223711967468,0.06271695345640182,21.537120819091797,0.4957454204559326,0.13508690893650055,14.274242401123047,0.5093078017234802,0.4175592064857483,8.941926002502441,0.5019497871398926,0.13277237117290497,14.54164981842041,0.36979642510414124,0.2220040112733841,7.535077095031738,0.6039057374000549,0.23411856591701508,357.2874598503113,0.3863431513309479,0.26637110114097595,16.38417625427246,4.59384140532572,2.7582474533282086,0.35533821067642135,0.3318647764449291,0.11306434023991276,0.5550708833151581,28.0,0.03594970703125,0.091766357421875,0.078033447265625,0.0513153076171875,0.0322723388671875,0.0210113525390625,0.018035888671875,0.03167724609375,0.0812225341796875,0.1348724365234375,0.1749114990234375,0.1409454345703125,0.028564453125,0.0258026123046875,0.0291595458984375,0.0244598388671875,0.4460906982421875,0.1016998291015625,0.0731964111328125,0.068389892578125,0.0655364990234375,0.063507080078125,0.05230712890625,0.037994384765625,0.029571533203125,0.02178955078125,0.0170440673828125,0.0107269287109375,0.0057373046875,0.002655029296875,0.00091552734375,0.002838134765625,0.01983356662094593,1.0,0.5407572388648987,0.4856172204017639,0.4695473313331604,0,all,pca,1.903743455258669,-0.8380394597573357,1.903743455258669,-0.8380394597573357,,
image_050.png,0.4019607901573181,0.23428989946842194,0.3087557852268219,0.11988033354282379,24.45766258239746,26.226395796884336,0.35736262798309326,0.26384490728378296,39.18347930908203,0.2878236174583435,0.3251337707042694,19.31254005432129,0.39061984419822693,0.2687726318836212,25.740337371826172,0.38529154658317566,0.24356408417224884,40.39653396606445,0.4651501774787903,0.34387698769569397,20.192262649536133,0.4664381742477417,0.3011987805366516,19.029279708862305,0.6255275011062622,0.3691890239715576,29.15000343322754,0.42243826389312744,0.35599732398986816,16.9361572265625,0.488662987947464,0.31221234798431396,8.944239616394043,4.599309844056945,2.404876648892229,0.37806125612251223,0.2771104095773031,0.21126645074002706,0.5116231396826698,11.0,0.0023956298828125,0.0373992919921875,0.1184539794921875,0.1017303466796875,0.0769500732421875,0.1057891845703125,0.122100830078125,0.1050872802734375,0.1086883544921875,0.06610107421875,0.0179443359375,0.014251708984375,0.014190673828125,0.014984130859375,0.041900634765625,0.052032470703125,0.006011962890625,0.0299224853515625,0.10858154296875,0.1195220947265625,0.25250244140625,0.2645416259765625,0.1332244873046875,0.045379638671875,0.0178070068359375,0.0055084228515625,0.0052032470703125,0.0026397705078125,0.0014495849609375,0.000579833984375,0.00018310546875,0.0069427490234375,0.019944356754422188,1.0,0.5171391367912292,0.41293472051620483,0.3457425832748413,0,all,pca,-1.7118636723362235,-2.5098049651150447,-1.7118636723362235,-2.5098049651150447,,
image_051.png,0.7372549176216125,0.23706646263599396,0.6556291580200195,0.2786892056465149,37.62974166870117,47.368354537447146,0.8733357787132263,0.4827863872051239,25.632095336914062,0.6287726163864136,0.7602616548538208,39.907169342041016,0.8391521573066711,0.46399402618408203,23.66407585144043,0.7714119553565979,0.6491215825080872,33.54903030395508,0.5853102803230286,0.7417453527450562,48.20500564575195,0.4669099748134613,0.6098293662071228,71.87109375,0.7927677035331726,0.6538131237030029,36.31354904174805,0.8038663268089294,0.7696807384490967,50.23643112182617,0.6743733286857605,0.6228094696998596,44.23866271972656,4.367828011627597,3.258753853763012,0.47113894227788455,0.33464929595999476,0.2318726148177392,0.4334780892222661,178.0,0.0,0.00091552734375,0.0060882568359375,0.02471923828125,0.0295257568359375,0.035797119140625,0.06097412109375,0.077301025390625,0.07080078125,0.0417022705078125,0.0553436279296875,0.1202545166015625,0.051788330078125,0.060882568359375,0.096282958984375,0.2676239013671875,0.0832366943359375,0.003936767578125,0.0049285888671875,0.0076751708984375,0.0150299072265625,0.0264434814453125,0.0408782958984375,0.060516357421875,0.112274169921875,0.1096038818359375,0.0694732666015625,0.069061279296875,0.0731353759765625,0.0745086669921875,0.0947113037109375,0.1545867919921875,0.02785644307732582,1.0,0.8083449006080627,0.7474071979522705,0.6166896224021912,2,all,pca,-4.094219895551138,8.52021682104153,-4.094219895551138,8.52021682104153,,
image_052.png,0.4215686321258545,0.2053948938846588,0.1489361971616745,0.11555565148591995,20.559673309326172,49.680329179304344,0.5157275199890137,0.2259388566017151,4.69243049621582,0.42807573080062866,0.19690299034118652,19.856443405151367,0.5364941954612732,0.08029989153146744,350.0303373336792,0.35697075724601746,0.14708857238292694,14.850071907043457,0.4409724175930023,0.2685503363609314,28.038681030273438,0.3967329263687134,0.16402289271354675,28.1612491607666,0.5085129141807556,0.10517792403697968,13.204391479492188,0.4281822144985199,0.13837434351444244,27.053302764892578,0.5387614965438843,0.14266058802604675,27.121816635131836,4.494256138202904,3.0510668740575655,0.3191921383842768,0.28626232214830283,0.24454911863254503,0.46918855921915215,178.0,6.103515625e-05,0.0060882568359375,0.0273590087890625,0.1176605224609375,0.159820556640625,0.12432861328125,0.0829010009765625,0.066436767578125,0.1187286376953125,0.0881195068359375,0.041748046875,0.0283203125,0.0648345947265625,0.05474853515625,0.00714111328125,0.0117034912109375,0.1722869873046875,0.2314910888671875,0.2693328857421875,0.1616058349609375,0.0841064453125,0.04644775390625,0.01806640625,0.00439453125,0.0021820068359375,0.0016326904296875,0.0015411376953125,0.001220703125,0.001129150390625,0.00048828125,0.000335693359375,0.0037384033203125,0.02194540575146675,1.0,0.5027737617492676,0.4598613679409027,0.42071664333343506,0,all,pca,1.5827412824437819,-3.702184275989653,1.5827412824437819,-3.702184275989653,,
image_053.png,0.23137256503105164,0.17190755903720856,0.3097345530986786,0.12368036806583405,36.55086898803711,5.343446978517183,0.27355721592903137,0.41184329986572266,34.739288330078125,0.2617073059082031,0.38818252086639404,36.376914978027344,0.2548341155052185,0.3977119028568268,36.36048889160156,0.3840160071849823,0.31776928901672363,37.4233283996582,0.34558573365211487,0.32785433530807495,36.8117790222168,0.3437464237213135,0.32679301500320435,37.26006317138672,0.22468067705631256,0.2926258146762848,36.522071838378906,0.24812720715999603,0.2998100221157074,37.610774993896484,0.17531073093414307,0.2653803527355194,35.84800720214844,3.9967382917630307,1.3399771798934907,0.4269018538037076,0.11015902984532713,0.47494735313339626,0.4148936170212766,100.0,0.0210723876953125,0.2252044677734375,0.1707916259765625,0.1109771728515625,0.113525390625,0.0735015869140625,0.0449981689453125,0.036865234375,0.128570556640625,0.07421875,0.000274658203125,0.0,0.0,0.0,0.0,0.0,0.000152587890625,0.0116119384765625,0.0965423583984375,0.139495849609375,0.2641754150390625,0.132476806640625,0.1288299560546875,0.1220855712890625,0.062286376953125,0.026336669921875,0.0098876953125,0.0035858154296875,0.0014801025390625,0.000762939453125,0.0002288818359375,6.103515625e-05,0.026334058493375778,1.0,0.3651786744594574,0.30120861530303955,0.19229191541671753,0,all,pca,-4.067567842118379,-5.0553023790471,-4.067567842118379,-5.0553023790471,,
image_054.png,0.6098039150238037,0.23435506224632263,0.3380281329154968,0.13687044382095337,42.98814392089844,6.359515719209687,0.6532348394393921,0.3042689561843872,40.35499954223633,0.43300551176071167,0.32854965329170227,42.017005920410156,0.3895340859889984,0.4506690800189972,40.34294509887695,0.6093080639839172,0.32213228940963745,43.98176956176758,0.4693168103694916,0.30763375759124756,52.075599670410156,0.5227789282798767,0.368152916431427,39.64240264892578,0.5075634121894836,0.30970242619514465,43.026241302490234,0.5855572819709778,0.35701796412467957,46.04355239868164,0.7440140247344971,0.3827258348464966,39.65816879272461,4.517577503513691,1.5611436798176517,0.7084444168888338,0.2114383231960793,0.22436879184352163,0.5641928849603991,135.0,0.0230865478515625,0.054656982421875,0.0419921875,0.042633056640625,0.040740966796875,0.0458984375,0.0501861572265625,0.059326171875,0.075836181640625,0.0859527587890625,0.101776123046875,0.121917724609375,0.198883056640625,0.0571136474609375,0.0,0.0,0.00067138671875,0.0183258056640625,0.077117919921875,0.1718597412109375,0.1723785400390625,0.15350341796875,0.1701507568359375,0.1190948486328125,0.062713623046875,0.01898193359375,0.0122222900390625,0.008331298828125,0.00714111328125,0.0040130615234375,0.0025787353515625,0.00091552734375,0.055509164929389954,1.0,0.6345883011817932,0.5829340815544128,0.4578387141227722,0,all,pca,-0.6377685093411173,1.1315158109767183,-0.6377685093411173,1.1315158109767183,,
image_055.png,0.4647058844566345,0.16598838567733765,0.3166666626930237,0.23523321747779846,7.323180675506592,30.62352908640258,0.4108167588710785,0.22221185266971588,27.752422332763672,0.4759489893913269,0.1105354055762291,13.771838188171387,0.4277500808238983,0.21756502985954285,23.066587448120117,0.44566959142684937,0.37770402431488037,13.306142807006836,0.4345773756504059,0.5170982480049133,352.35757207870483,0.44191357493400574,0.43390795588493347,7.153528690338135,0.38560956716537476,0.47196725010871887,3.703217029571533,0.5393776893615723,0.6192924976348877,355.6485056877136,0.47920921444892883,0.5809696316719055,358.0641417503357,4.367566351874609,3.4129814852306097,0.76749953499907,0.10535988367396397,0.34942240891832943,0.5452177074077066,73.0,0.0003204345703125,0.02923583984375,0.0551910400390625,0.0606689453125,0.0735321044921875,0.0875244140625,0.1243438720703125,0.177276611328125,0.141326904296875,0.0962371826171875,0.070770263671875,0.0626220703125,0.020660400390625,0.0002899169921875,0.0,0.0,0.0248260498046875,0.10150146484375,0.0562286376953125,0.1501922607421875,0.1618499755859375,0.06451416015625,0.0603790283203125,0.0545196533203125,0.05145263671875,0.061767578125,0.0533599853515625,0.0540618896484375,0.0484619140625,0.036285400390625,0.0174560546875,0.003143310546875,0.04125361889600754,1.0,0.5868574380874634,0.3515915274620056,0.3477141261100769,0,all,pca,-3.316534283987663,-1.0609236811800673,-3.316534283987663,-1.0609236811800673,,
image_056.png,0.7921568751335144,0.21164892613887787,0.2081632912158966,0.2271496206521988,143.68392944335938,148.32562499800596,0.6123254299163818,0.24209298193454742,191.37759399414062,0.8139393925666809,0.2449476271867752,210.5994873046875,0.38561925292015076,0.29202157258987427,214.58828735351562,0.8293268084526062,0.2342115193605423,21.256086349487305,0.6847072243690491,0.5086369514465332,17.92279624938965,0.8789905905723572,0.3308168649673462,197.41845703125,0.7619680166244507,0.06615781038999557,47.99921798706055,0.7261961698532104,0.19225822389125824,37.947509765625,0.8431727886199951,0.18083487451076508,189.9145965576172,4.376787262891103,3.950516037305528,0.2791245582491165,0.1618169702354509,0.30725233229675697,0.5309306974677921,68.0,0.0,0.00238037109375,0.016632080078125,0.01763916015625,0.019439697265625,0.0361175537109375,0.0392913818359375,0.039306640625,0.036376953125,0.051116943359375,0.09783935546875,0.0883331298828125,0.0905303955078125,0.1466522216796875,0.2009735107421875,0.11737060546875,0.2925567626953125,0.131134033203125,0.062469482421875,0.04632568359375,0.0910797119140625,0.0916900634765625,0.0737152099609375,0.0572357177734375,0.035736083984375,0.0419921875,0.0323944091796875,0.0135498046875,0.0105133056640625,0.0070953369140625,0.005615234375,0.00689697265625,0.013846958056092262,1.0,0.7383908629417419,0.7195665836334229,0.7127998471260071,1,all,pca,4.458269647494724,4.005895557108374,4.458269647494724,4.005895557108374,,
image_057.png,0.8117647171020508,0.2749089300632477,0.43434348702430725,0.26486995816230774,233.99700164794922,119.04822914733494,0.8258957266807556,0.5593113303184509,297.3923530578613,0.7401677370071411,0.5615121126174927,322.1760139465332,0.7754017114639282,0.41420724987983704,262.6636657714844,0.5861138701438904,0.4846765398979187,251.6437530517578,0.4047808051109314,0.5352590084075928,20.378931045532227,0.9348059892654419,0.549557089805603,210.5208282470703,0.572679340839386,0.09846894443035126,147.9947509765625,0.6076704263687134,0.140629842877388,124.21922302246094,0.8782349824905396,0.29359671473503113,176.7952117919922,4.402165674905976,4.4019853422123845,0.35823671647343297,0.21979923849082728,0.3928695050190377,0.387331256490135,90.0,0.001922607421875,0.0178985595703125,0.035125732421875,0.0405120849609375,0.0360260009765625,0.0337066650390625,0.036651611328125,0.0652618408203125,0.0539703369140625,0.0505828857421875,0.0373687744140625,0.0308837890625,0.0612030029296875,0.0569915771484375,0.1558990478515625,0.2859954833984375,0.141448974609375,0.1136322021484375,0.05902099609375,0.044219970703125,0.036773681640625,0.0434417724609375,0.0632171630859375,0.07281494140625,0.0640106201171875,0.0972137451171875,0.112701416015625,0.07562255859375,0.0384063720703125,0.01629638671875,0.007232666015625,0.013946533203125,0.017796054482460022,1.0,0.7377604842185974,0.687130331993103,0.6826807856559753,1,all,pca,1.3854959944858087,5.030020099022994,1.3854959944858087,5.030020099022994,,
image_058.png,0.4549019932746887,0.21809765696525574,0.30364373326301575,0.16596275568008423,22.047679901123047,37.121135224328924,0.6289042234420776,0.24588313698768616,22.877655029296875,0.43675121665000916,0.3731384575366974,19.331829071044922,0.5154851078987122,0.3030293583869934,29.34937858581543,0.587186336517334,0.2997640073299408,17.169111251831055,0.319765567779541,0.4127845764160156,19.410104751586914,0.5867600440979004,0.24658194184303284,26.85671615600586,0.3612512946128845,0.3133397102355957,318.2426452636719,0.32630375027656555,0.3641423285007477,23.298572540283203,0.3514941930770874,0.36814814805984497,26.926158905029297,4.768549602323802,2.8464439124503316,0.5429505859011718,0.19837848639698535,0.31765108909760487,0.4839704245054098,93.0,0.021514892578125,0.035980224609375,0.0526885986328125,0.0931243896484375,0.1004791259765625,0.086944580078125,0.083709716796875,0.1007080078125,0.085906982421875,0.0875396728515625,0.0794219970703125,0.0581817626953125,0.065887451171875,0.0316314697265625,0.008331298828125,0.0079498291015625,0.0260009765625,0.06866455078125,0.100921630859375,0.1572265625,0.1709747314453125,0.1413421630859375,0.1129913330078125,0.0891571044921875,0.0570220947265625,0.0310821533203125,0.016082763671875,0.0081939697265625,0.0045166015625,0.0031890869140625,0.0055694580078125,0.0070648193359375,0.03319738805294037,1.0,0.5435129404067993,0.4381154775619507,0.3718371093273163,0,all,pca,-1.3910095978274692,-1.6174890762702427,-1.3910095978274692,-1.6174890762702427,,
image_059.png,0.5156862735748291,0.28991663455963135,0.24615387618541718,0.24756912887096405,17.75617790222168,30.09861258862493,0.589353621006012,0.23253582417964935,25.570219039916992,0.5919169783592224,0.3045731782913208,20.314186096191406,0.6371039152145386,0.25321006774902344,26.220230102539062,0.5209496021270752,0.24834251403808594,24.8304386138916,0.5937600135803223,0.2871760427951813,23.917476654052734,0.5592406392097473,0.24372905492782593,23.435556411743164,0.06595397740602493,0.44349682331085205,354.79011821746826,0.1847938746213913,0.4218207001686096,10.963608741760254,0.09141693264245987,0.5190979838371277,355.33892154693604,4.378951521437647,2.671393691831476,0.3517267034534069,0.21783007227216641,0.41807685527939364,0.36409307244843997,90.0,0.2178802490234375,0.0539093017578125,0.03564453125,0.03662109375,0.0298919677734375,0.031494140625,0.0305023193359375,0.041015625,0.0793304443359375,0.0970458984375,0.09747314453125,0.1157379150390625,0.12457275390625,0.00714111328125,0.001739501953125,0.0,0.0948486328125,0.049041748046875,0.04205322265625,0.338348388671875,0.175445556640625,0.0392303466796875,0.0292816162109375,0.0376434326171875,0.0239410400390625,0.03009033203125,0.024261474609375,0.018218994140625,0.0195465087890625,0.0173797607421875,0.013092041015625,0.047576904296875,0.02454366907477379,1.0,0.49500247836112976,0.40520066022872925,0.3556632995605469,0,all,pca,-0.8996480137605104,-1.3381468910445247,-0.8996480137605104,-1.3381468910445247,,
image_060.png,0.6392157077789307,0.21708033978939056,0.06849315017461777,0.1894303560256958,30.79020118713379,100.55643094486481,0.5710490345954895,0.0955759659409523,213.5336151123047,0.4649338722229004,0.16696126759052277,35.135780334472656,0.5617430210113525,0.11481686681509018,212.91860961914062,0.5130904912948608,0.2385760396718979,342.30322647094727,0.2434949427843094,0.45949244499206543,21.87694549560547,0.605745792388916,0.14290569722652435,24.502164840698242,0.672049343585968,0.06269048154354095,17.406810760498047,0.7865298390388489,0.10296924412250519,37.599327087402344,0.8003916144371033,0.04513685032725334,50.574623107910156,4.2938315197793475,3.3472840722900745,0.15338830677661355,0.24454324979789815,0.42431285367825383,0.331143896523848,77.0,0.000946044921875,0.0037689208984375,0.0157318115234375,0.1271209716796875,0.074859619140625,0.0193939208984375,0.02069091796875,0.0108489990234375,0.0876922607421875,0.1040496826171875,0.1322021484375,0.1462554931640625,0.1508026123046875,0.07501220703125,0.030059814453125,0.0005645751953125,0.4162445068359375,0.2965087890625,0.0502166748046875,0.0099029541015625,0.00958251953125,0.0126800537109375,0.0221099853515625,0.0600433349609375,0.0828857421875,0.03399658203125,0.0054168701171875,0.000396728515625,1.52587890625e-05,0.0,0.0,0.0,0.013118438422679901,1.0,0.6067070364952087,0.5756973624229431,0.5549418330192566,1,all,pca,4.066408624342735,0.12861884349287028,4.066408624342735,0.12861884349287028,,
image_061.png,0.5529412031173706,0.2543940842151642,0.3425925672054291,0.21326470375061035,168.35231018066406,98.0307894069673,0.8743513226509094,0.504743754863739,209.34768676757812,0.7911660075187683,0.5481206178665161,220.21682739257812,0.7817248106002808,0.49687904119491577,214.35308837890625,0.49846696853637695,0.17395325005054474,183.51846313476562,0.3075725734233856,0.5144373178482056,357.0331594944,0.379748672246933,0.20433004200458527,204.61227416992188,0.45743492245674133,0.32079315185546875,92.20191955566406,0.6896874308586121,0.23207451403141022,136.14535522460938,0.5510568022727966,0.2635982036590576,95.49396514892578,4.4371471030891465,3.7219169023461536,0.25186000372000744,0.15748661456089605,0.3677764785525263,0.47473690688657766,90.0,0.001068115234375,0.038665771484375,0.048095703125,0.0164337158203125,0.0275421142578125,0.05975341796875,0.1078338623046875,0.1293487548828125,0.0879364013671875,0.045318603515625,0.0322265625,0.0283203125,0.0406494140625,0.1195831298828125,0.2073822021484375,0.0098419189453125,0.06646728515625,0.09710693359375,0.0710601806640625,0.1145782470703125,0.105865478515625,0.089141845703125,0.0985107421875,0.0980377197265625,0.065521240234375,0.055633544921875,0.0421905517578125,0.05279541015625,0.02838134765625,0.0076141357421875,0.0036468505859375,0.003448486328125,0.011617916636168957,1.0,0.5909254550933838,0.6054619550704956,0.5679744482040405,1,all,pca,0.8309587736188864,1.6966809299218952,0.8309587736188864,1.6966809299218952,,
image_062.png,0.5745097994804382,0.18617282807826996,0.2928176522254944,0.16842882335186005,27.273910522460938,9.202089900086337,0.7045484781265259,0.48015421628952026,37.53480529785156,0.6257721781730652,0.3156700134277344,28.299503326416016,0.7140151858329773,0.28115400671958923,29.107460021972656,0.5297496914863586,0.509117603302002,29.857425689697266,0.4180710017681122,0.30848807096481323,16.615970611572266,0.4438389837741852,0.28210848569869995,18.842226028442383,0.4779697358608246,0.16253943741321564,34.82996368408203,0.5351095795631409,0.303652822971344,25.632946014404297,0.5567495822906494,0.3318563997745514,24.82237434387207,4.510515215594989,1.9685248804283466,0.6262167524335048,0.17509467587435953,0.27360708893344227,0.5512982351921982,108.0,0.0,0.00146484375,0.0137939453125,0.0355224609375,0.0643768310546875,0.099517822265625,0.0919189453125,0.08502197265625,0.08966064453125,0.095367431640625,0.1239166259765625,0.132110595703125,0.0960845947265625,0.053863525390625,0.0167999267578125,0.000579833984375,0.0056610107421875,0.0390777587890625,0.122802734375,0.196380615234375,0.193023681640625,0.1448974609375,0.097198486328125,0.0633087158203125,0.04205322265625,0.0261993408203125,0.0207366943359375,0.016021728515625,0.0112762451171875,0.00799560546875,0.006134033203125,0.007232666015625,0.03635793924331665,1.0,0.6601331233978271,0.5453975796699524,0.4521368443965912,0,all,pca,-0.4264340439509277,0.8786751808707116,-0.4264340439509277,0.8786751808707116,,
image_063.png,0.21960784494876862,0.24066117405891418,0.37142854928970337,0.19692222774028778,87.97234344482422,54.979012682894634,0.17325517535209656,0.459827721118927,73.4374771118164,0.2624216079711914,0.4127095639705658,74.8034896850586,0.30592554807662964,0.3851080536842346,68.80940246582031,0.44090646505355835,0.3791777193546295,167.82980346679688,0.6842556595802307,0.32514598965644836,81.53766632080078,0.5145561695098877,0.28625455498695374,160.40321350097656,0.29035940766334534,0.35281985998153687,114.10420989990234,0.22944128513336182,0.34713542461395264,83.24578094482422,0.13990499079227448,0.3998129665851593,71.0162124633789,4.3164812341515635,3.3299449740085723,0.6466147932295865,0.22921111297552557,0.2243449912505693,0.5464438957739052,135.0,0.00567626953125,0.1422576904296875,0.2681121826171875,0.139251708984375,0.0640716552734375,0.035400390625,0.027862548828125,0.02227783203125,0.0488739013671875,0.06573486328125,0.050628662109375,0.0496826171875,0.041259765625,0.0222320556640625,0.01531982421875,0.0013580322265625,0.04791259765625,0.0873260498046875,0.0629730224609375,0.0757293701171875,0.1010894775390625,0.1319732666015625,0.139617919921875,0.1183013916015625,0.0818328857421875,0.0532073974609375,0.036468505859375,0.0221710205078125,0.016021728515625,0.011260986328125,0.00823974609375,0.0058746337890625,0.036150701344013214,1.0,0.34545937180519104,0.38952159881591797,0.30905264616012573,0,all,pca,-4.032879761582247,-3.2707287415890187,-4.032879761582247,-3.2707287415890187,,
image_064.png,0.54313725233078,0.14111343026161194,0.23622047901153564,0.12010088562965393,14.106657981872559,55.09532005884343,0.3921166956424713,0.2102409303188324,244.31565856933594,0.6249260902404785,0.30037981271743774,21.840368270874023,0.5951141119003296,0.2587786316871643,23.05257797241211,0.4642964005470276,0.24841360747814178,6.049690246582031,0.4903160333633423,0.2001505047082901,344.6929578781128,0.5565115809440613,0.2864393889904022,19.283418655395508,0.5279864072799683,0.2897559106349945,18.63728904724121,0.5644218921661377,0.3354988694190979,22.20238494873047,0.49488329887390137,0.23268932104110718,18.371124267578125,4.042649130092914,2.822563508212629,0.5855446710893422,0.09209307250443391,0.4525240225534055,0.45538290494216055,99.0,0.0,0.0,0.0,0.0520477294921875,0.0467071533203125,0.0610504150390625,0.084136962890625,0.1338348388671875,0.1804656982421875,0.227020263671875,0.152984619140625,0.0307464599609375,0.0070953369140625,0.0047149658203125,0.0081939697265625,0.0110015869140625,0.0167083740234375,0.0834197998046875,0.20263671875,0.2327728271484375,0.144439697265625,0.1297454833984375,0.095703125,0.060546875,0.025238037109375,0.005706787109375,0.0009613037109375,0.000457763671875,0.0005950927734375,0.0002288818359375,1.52587890625e-05,0.000823974609375,0.026596877723932266,1.0,0.6036326289176941,0.4970543086528778,0.4442899525165558,0,all,pca,1.4201588409868775,-1.2483892175525306,1.4201588409868775,-1.2483892175525306,,
image_065.png,0.31568628549575806,0.12081786245107651,0.7794117331504822,0.23846964538097382,62.7049446105957,91.85014096651989,0.211594820022583,0.7064721584320068,63.15094757080078,0.2523256838321686,0.6793904304504395,51.29633712768555,0.23610658943653107,0.5834059119224548,54.86261749267578,0.35867181420326233,0.7747353315353394,81.66155242919922,0.30775463581085205,0.7215052843093872,175.7689666748047,0.3581660985946655,0.8546295166015625,44.36088180541992,0.36302649974823,0.7867170572280884,43.11996841430664,0.3285486102104187,0.7132768630981445,136.9241180419922,0.33739808201789856,0.7481421828269958,65.4582290649414,3.8559767480283584,3.6331304496623527,0.3639717279434559,0.17745507197001958,0.3268035090707776,0.4957414189592028,95.0,0.008453369140625,0.04376220703125,0.1376190185546875,0.1493072509765625,0.1509857177734375,0.20574951171875,0.205230712890625,0.07373046875,0.007965087890625,0.002471923828125,0.002838134765625,0.006134033203125,0.0035858154296875,0.002166748046875,0.0,0.0,0.00262451171875,0.0075531005859375,0.0160064697265625,0.024810791015625,0.029388427734375,0.0256805419921875,0.0247802734375,0.0286865234375,0.068359375,0.086029052734375,0.113067626953125,0.04998779296875,0.049072265625,0.0663909912109375,0.118438720703125,0.28912353515625,0.01745384931564331,1.0,0.4110865294933319,0.3639841377735138,0.19195538759231567,2,all,pca,-10.866345068984643,0.19270300162502277,-10.866345068984643,0.19270300162502277,,
image_066.png,0.5117647051811218,0.2366083711385727,0.23428569734096527,0.20058298110961914,191.23519897460938,60.668582856622514,0.4369218945503235,0.25336045026779175,219.3013458251953,0.44580692052841187,0.23886814713478088,222.94744873046875,0.4638770818710327,0.32003381848335266,193.3791046142578,0.598538875579834,0.27128010988235474,183.31301879882812,0.5303876996040344,0.2309522032737732,182.99623107910156,0.48168694972991943,0.346674382686615,197.8089599609375,0.5479681491851807,0.26900002360343933,187.17881774902344,0.5590512752532959,0.30587759613990784,187.41091918945312,0.4741731286048889,0.20536194741725922,170.75645446777344,4.847738896651096,3.988111267294126,0.8334366668733337,0.2982704110098568,0.23805095778315047,0.46367863120699276,177.0,0.0186309814453125,0.038360595703125,0.0505828857421875,0.068389892578125,0.0768585205078125,0.0792999267578125,0.076873779296875,0.0759735107421875,0.0793914794921875,0.077850341796875,0.0810394287109375,0.096160888671875,0.0755615234375,0.0599365234375,0.0393829345703125,0.005706787109375,0.1472625732421875,0.148773193359375,0.123077392578125,0.106414794921875,0.105804443359375,0.092315673828125,0.074432373046875,0.0581207275390625,0.0458831787109375,0.0321044921875,0.0247802734375,0.0169830322265625,0.0126800537109375,0.0058746337890625,0.003173828125,0.0023193359375,0.0783420279622078,1.0,0.4539180099964142,0.5165224075317383,0.5553070306777954,0,all,pca,0.928451710692136,-1.8653742832480031,0.928451710692136,-1.8653742832480031,,
image_067.png,0.8176470994949341,0.26825401186943054,0.08196721225976944,0.37968358397483826,20.85524559020996,66.23593674704439,0.8368974328041077,0.04204831272363663,33.994712829589844,0.7264927625656128,0.24178902804851532,21.305463790893555,0.9160033464431763,0.013750482350587845,350.86366748809814,0.8280195593833923,0.0627082958817482,20.503034591674805,0.371603786945343,0.8773304224014282,16.717113494873047,0.7333223819732666,0.31726956367492676,3.3558895587921143,0.4660044014453888,0.42606353759765625,118.99732208251953,0.34805208444595337,0.6521655321121216,47.9077262878418,0.7747067809104919,0.22224828600883484,219.68516540527344,4.129815643985034,3.8082169340169574,0.24893049786099572,0.17328767123287672,0.40006226650062265,0.4266500622665006,95.0,0.0,0.00067138671875,0.08380126953125,0.0367431640625,0.0277252197265625,0.0805816650390625,0.0579376220703125,0.0227203369140625,0.0192413330078125,0.0199127197265625,0.0150604248046875,0.0234832763671875,0.0832061767578125,0.318389892578125,0.1706695556640625,0.03985595703125,0.3991241455078125,0.17742919921875,0.06524658203125,0.0244293212890625,0.0100555419921875,0.006927490234375,0.0069122314453125,0.0067596435546875,0.008514404296875,0.010406494140625,0.0171661376953125,0.0187835693359375,0.0211029052734375,0.0350341796875,0.061279296875,0.130828857421875,0.014499831944704056,1.0,0.7337303161621094,0.6553615927696228,0.5873730182647705,1,all,pca,2.2734986286400027,3.5211589314987455,2.2734986286400027,3.5211589314987455,,
image_068.png,0.36666667461395264,0.24114079773426056,0.1450381875038147,0.15502972900867462,64.40333557128906,44.35184514381412,0.3133159875869751,0.2507094740867615,52.60380172729492,0.5259122252464294,0.2171940952539444,50.5284538269043,0.4830484986305237,0.15199056267738342,106.70219421386719,0.49438607692718506,0.24941378831863403,47.8826904296875,0.5154882073402405,0.1696314513683319,62.79544448852539,0.2799750566482544,0.16290810704231262,67.83341979980469,0.49534377455711365,0.18705244362354279,68.58122253417969,0.3544376492500305,0.18029069900512695,79.15725708007812,0.27474549412727356,0.14380647242069244,51.502960205078125,4.767728826838618,3.8743577683884296,0.7305629611259222,0.21556022319818385,0.3264803852926824,0.45795939150913373,97.0,0.053955078125,0.064453125,0.07269287109375,0.1084747314453125,0.1119232177734375,0.1002044677734375,0.0746002197265625,0.0525360107421875,0.046966552734375,0.05352783203125,0.0634613037109375,0.0741119384765625,0.0779876708984375,0.0384063720703125,0.005706787109375,0.0009918212890625,0.1224212646484375,0.285888671875,0.2505340576171875,0.1359405517578125,0.056854248046875,0.0341033935546875,0.0273284912109375,0.0211334228515625,0.0195465087890625,0.016387939453125,0.0113525390625,0.0074920654296875,0.005645751953125,0.0032806396484375,0.000762939453125,0.0013275146484375,0.05251166969537735,1.0,0.4452595114707947,0.43719157576560974,0.37544557452201843,0,all,pca,0.4305266606421403,-4.490312862777566,0.4305266606421403,-4.490312862777566,,
image_069.png,0.6509804129600525,0.21225537359714508,0.07878787815570831,0.11266567558050156,359.2520746588707,74.64301013266378,0.7331984639167786,0.10264972597360611,214.85731506347656,0.5735715627670288,0.10610087960958481,24.6366024017334,0.5491465330123901,0.08405040949583054,11.076156616210938,0.7767897844314575,0.14783139526844025,239.3133773803711,0.37803810834884644,0.1166912391781807,345.2754316329956,0.49062901735305786,0.10597451031208038,2.676387071609497,0.7854295969009399,0.098285011947155,175.76434326171875,0.6078385710716248,0.21932010352611542,6.187416076660156,0.6474490761756897,0.06289952248334885,356.2371871471405,4.611553275755858,4.234557363031561,0.5144460288920578,0.2275685447423923,0.2529075022597168,0.5195239529978909,178.0,9.1552734375e-05,0.006378173828125,0.0410614013671875,0.0475921630859375,0.03448486328125,0.0308380126953125,0.0371856689453125,0.0517578125,0.0790252685546875,0.11968994140625,0.129547119140625,0.1126861572265625,0.125091552734375,0.09832763671875,0.06671142578125,0.01953125,0.38720703125,0.2961273193359375,0.150970458984375,0.0673980712890625,0.036956787109375,0.023773193359375,0.0137786865234375,0.0076904296875,0.0057525634765625,0.0032196044921875,0.0024871826171875,0.0016632080078125,0.001190185546875,0.0007476806640625,0.000640869140625,0.000396728515625,0.02743675746023655,1.0,0.6311306953430176,0.6076146364212036,0.6023448705673218,1,all,pca,5.824192052427658,-0.4685580247135875,5.824192052427658,-0.4685580247135875,,
image_070.png,0.5039215683937073,0.11005142331123352,0.023255812004208565,0.12256704270839691,150.75701904296875,103.69969896319509,0.4911215305328369,0.025704987347126007,201.92445373535156,0.5660929679870605,0.0369480662047863,186.2036895751953,0.5645889639854431,0.026940302923321724,179.5065155029297,0.48860710859298706,0.1011725440621376,200.09869384765625,0.508254885673523,0.08479331433773041,82.4093246459961,0.49477753043174744,0.09845717996358871,60.679996490478516,0.4209640324115753,0.03828984126448631,130.72203063964844,0.46489930152893066,0.05756388232111931,124.56246948242188,0.5254538655281067,0.02112485282123089,110.95279693603516,3.8151519487852057,4.528987752816358,0.792749085498171,0.19442760778179685,0.28583439241372566,0.5197379998044774,90.0,0.0,0.000213623046875,0.001678466796875,0.0120849609375,0.0289459228515625,0.067138671875,0.141326904296875,0.2289886474609375,0.26165771484375,0.1592559814453125,0.055511474609375,0.0190887451171875,0.011505126953125,0.0059051513671875,0.00360107421875,0.0030975341796875,0.8711395263671875,0.0641632080078125,0.010650634765625,0.0070037841796875,0.0061798095703125,0.00494384765625,0.005126953125,0.0043792724609375,0.0046234130859375,0.003753662109375,0.004058837890625,0.004058837890625,0.003997802734375,0.0033721923828125,0.001983642578125,0.0005645751953125,0.04161018878221512,1.0,0.5030333399772644,0.5061951875686646,0.5013392567634583,0,all,pca,4.642535061711355,-3.7079446998009815,4.642535061711355,-3.7079446998009815,,
image_071.png,0.3235294222831726,0.25429779291152954,0.24725139141082764,0.32063889503479004,67.92918395996094,38.36397178445702,0.525344729423523,0.07848899066448212,57.894203186035156,0.5977485775947571,0.09386236220598221,55.65148162841797,0.5458434820175171,0.08597170561552048,60.87792205810547,0.39141491055488586,0.31154683232307434,78.49430847167969,0.4912298023700714,0.2889133095741272,81.84305572509766,0.4066540598869324,0.4271281361579895,81.36000061035156,0.2645283043384552,0.6982375383377075,66.66632843017578,0.23209597170352936,0.6624210476875305,68.86969757080078,0.22044402360916138,0.7283359169960022,67.60115814208984,4.6993561661960985,3.0362965737249623,0.732267964535929,0.18756217852380247,0.3337002307220117,0.4787375907541858,90.0,0.0185546875,0.053314208984375,0.1274566650390625,0.1521148681640625,0.1305084228515625,0.090179443359375,0.0706939697265625,0.04376220703125,0.0410308837890625,0.0409088134765625,0.042205810546875,0.0440521240234375,0.03106689453125,0.0316162109375,0.0668792724609375,0.015655517578125,0.1594696044921875,0.205902099609375,0.0840301513671875,0.0520172119140625,0.03192138671875,0.030029296875,0.0289459228515625,0.034759521484375,0.046905517578125,0.0476837158203125,0.0434112548828125,0.04241943359375,0.0472412109375,0.04730224609375,0.0494537353515625,0.0485076904296875,0.04469449818134308,1.0,0.4698863625526428,0.4894596338272095,0.32533350586891174,0,all,pca,-3.9784397079363467,-2.012131634849974,-3.9784397079363467,-2.012131634849974,,
image_072.png,0.4784314036369324,0.15438804030418396,0.08457711338996887,0.06187617778778076,89.68848419189453,109.86606647577094,0.4773322641849518,0.06739161163568497,30.38326072692871,0.46376851201057434,0.04817922040820122,52.186805725097656,0.3758150637149811,0.050337281078100204,121.06983947753906,0.5539349913597107,0.12747831642627716,39.44436264038086,0.42352914810180664,0.11706428229808807,45.016117095947266,0.40020304918289185,0.12395215779542923,41.34441375732422,0.5586950778961182,0.08857864141464233,200.42601013183594,0.5529907941818237,0.09975194931030273,201.4526824951172,0.5021994113922119,0.09306054562330246,201.26016235351562,4.246630919834278,3.5632728295684477,0.48504247008494017,0.4317898571565526,0.22250982647876522,0.3457003163646822,4.0,0.000701904296875,0.0023040771484375,0.0118255615234375,0.0509033203125,0.07391357421875,0.11578369140625,0.1531524658203125,0.14141845703125,0.19415283203125,0.1242828369140625,0.0400543212890625,0.0153656005859375,0.0361480712890625,0.034271240234375,0.0057220458984375,0.0,0.3517303466796875,0.4525909423828125,0.1093292236328125,0.059814453125,0.0210723876953125,0.00408935546875,0.00091552734375,0.00030517578125,0.0001220703125,3.0517578125e-05,0.0,0.0,0.0,0.0,0.0,0.0,0.025832224637269974,1.0,0.481557160615921,0.48482853174209595,0.4755097031593323,0,all,pca,3.8615599883602894,-4.148665044034748,3.8615599883602894,-4.148665044034748,,
image_073.png,0.40392157435417175,0.13178768754005432,0.5254237651824951,0.3631659150123596,25.86705780029297,67.19312512547097,0.40473005175590515,0.14556358754634857,212.0374298095703,0.35702720284461975,0.30461394786834717,335.89967918395996,0.468881756067276,0.5795376300811768,22.96749496459961,0.36484482884407043,0.3873824179172516,45.094669342041016,0.3284866213798523,0.44295814633369446,20.778217315673828,0.4749773442745209,0.8037924766540527,33.93899154663086,0.3391915559768677,0.8159006237983704,36.7209587097168,0.3630881607532501,0.6418319344520569,31.412073135375977,0.42094719409942627,0.19688960909843445,359.9713399205357,4.02912369078978,3.6859978924542656,0.4371473742947486,0.20678651207318371,0.3825124986703542,0.4107009892564621,90.0,0.020355224609375,0.024566650390625,0.0330657958984375,0.0699462890625,0.077911376953125,0.1844024658203125,0.1889190673828125,0.196685791015625,0.1492767333984375,0.0356903076171875,0.008270263671875,0.007843017578125,0.0017242431640625,0.0004425048828125,0.0009002685546875,0.0,0.2106475830078125,0.1146392822265625,0.0369415283203125,0.023468017578125,0.01904296875,0.0191497802734375,0.025909423828125,0.0338134765625,0.0441131591796875,0.0409393310546875,0.03521728515625,0.0465240478515625,0.069305419921875,0.0796661376953125,0.0919036865234375,0.1087188720703125,0.023115508258342743,1.0,0.5466684103012085,0.41632580757141113,0.24199733138084412,2,all,pca,-5.562625326756321,-0.7250580613197035,-5.562625326756321,-0.7250580613197035,,
image_074.png,0.46274513006210327,0.14019230008125305,0.1666666716337204,0.12683075666427612,14.202093124389648,46.85424485858422,0.5003702044487,0.13598814606666565,12.035354614257812,0.5526166558265686,0.12731438875198364,14.68350601196289,0.5325422883033752,0.14018820226192474,15.302766799926758,0.4906737208366394,0.1116124615073204,10.551916122436523,0.4246896207332611,0.17596544325351715,322.5546684265137,0.49250316619873047,0.13389952480793,1.303763508796692,0.3483238220214844,0.2773958742618561,18.297588348388672,0.3633663058280945,0.26821956038475037,20.32533073425293,0.3896017074584961,0.24414986371994019,21.448955535888672,4.176517886908104,2.907709887992363,0.6037572075144151,0.16725713698911482,0.36429451632778803,0.46844834668309715,84.0,0.0008087158203125,0.0107421875,0.0301513671875,0.04412841796875,0.0587310791015625,0.11700439453125,0.162841796875,0.1973724365234375,0.1844635009765625,0.105072021484375,0.04644775390625,0.016876220703125,0.011749267578125,0.008392333984375,0.0048065185546875,0.0004119873046875,0.1706695556640625,0.2066497802734375,0.189422607421875,0.1953582763671875,0.1304779052734375,0.0604095458984375,0.0222320556640625,0.0073699951171875,0.0024871826171875,0.001800537109375,0.0019989013671875,0.0023345947265625,0.0023193359375,0.002532958984375,0.0028076171875,0.001129150390625,0.031804535537958145,1.0,0.5058146715164185,0.4361502230167389,0.40411537885665894,0,all,pca,1.3274822106597142,-3.885515312570557,1.3274822106597142,-3.885515312570557,,
image_075.png,0.40392160415649414,0.20198418200016022,0.3413173258304596,0.14971378445625305,22.664100646972656,40.91620011119954,0.6084386110305786,0.30403995513916016,35.63597106933594,0.6536071300506592,0.320851594209671,36.459381103515625,0.6231054067611694,0.33884045481681824,34.0096549987793,0.5303966999053955,0.3815024197101593,35.07735824584961,0.542720377445221,0.2747045159339905,243.17550659179688,0.3632314205169678,0.28559938073158264,357.37197160720825,0.2789013385772705,0.5544843673706055,16.459047317504883,0.3040245771408081,0.41139090061187744,7.308657169342041,0.2972526252269745,0.4942845404148102,13.490647315979004,4.20292657272372,2.9278570956021484,0.23473246946493892,0.2393026941362916,0.25158478605388274,0.5091125198098256,90.0,0.0020904541015625,0.0187835693359375,0.03717041015625,0.07037353515625,0.1748046875,0.1581573486328125,0.0628204345703125,0.016845703125,0.016937255859375,0.1142730712890625,0.2325592041015625,0.038818359375,0.0159149169921875,0.020416259765625,0.017578125,0.0024566650390625,0.02410888671875,0.029754638671875,0.03271484375,0.0402374267578125,0.166473388671875,0.31842041015625,0.1029205322265625,0.105865478515625,0.0797576904296875,0.0430145263671875,0.0181427001953125,0.0139617919921875,0.011962890625,0.0084991455078125,0.003326416015625,0.0008392333984375,0.017955638468265533,1.0,0.5642791986465454,0.4456455707550049,0.36911413073539734,0,all,pca,-2.254884097491009,-0.34434917220719946,-2.254884097491009,-0.34434917220719946,,
image_076.png,0.3019607961177826,0.18437525629997253,0.3243243098258972,0.21182365715503693,253.81816864013672,78.82013908129932,0.4451534152030945,0.38471269607543945,216.49111938476562,0.4571751356124878,0.4337635040283203,213.92601013183594,0.437129944562912,0.438581258058548,214.9560089111328,0.32724529504776,0.29248756170272827,311.5741958618164,0.34915095567703247,0.2777746021747589,324.8345947265625,0.23877446353435516,0.2227172702550888,274.69449615478516,0.2221713811159134,0.3016349673271179,280.7952651977539,0.25291919708251953,0.31806066632270813,268.92871856689453,0.32337459921836853,0.41650310158729553,347.1053295135498,4.423894589552676,3.848305697302342,0.6252712505425011,0.1475706494794249,0.3929102627664849,0.4595190877540902,90.0,0.0179595947265625,0.098785400390625,0.141204833984375,0.1400146484375,0.1191253662109375,0.0848236083984375,0.08001708984375,0.0719146728515625,0.093963623046875,0.071044921875,0.0457763671875,0.031158447265625,0.0035858154296875,0.0006103515625,1.52587890625e-05,0.0,0.031402587890625,0.0970611572265625,0.1259002685546875,0.121002197265625,0.108245849609375,0.1486358642578125,0.158477783203125,0.04364013671875,0.0309600830078125,0.024139404296875,0.019500732421875,0.0181427001953125,0.0175933837890625,0.0177154541015625,0.0203704833984375,0.0172119140625,0.03526393324136734,1.0,0.31708765029907227,0.3131537139415741,0.3683897852897644,0,all,pca,-2.013702016234137,-4.690751469168604,-2.013702016234137,-4.690751469168604,,
image_077.png,0.46078431606292725,0.15590029954910278,0.1304347664117813,0.06757938861846924,50.25521469116211,20.744779380069573,0.45026257634162903,0.13009873032569885,64.71702575683594,0.48582780361175537,0.13456617295742035,69.24275207519531,0.4797910749912262,0.10444686561822891,58.8474235534668,0.4553014636039734,0.1440664678812027,44.858211517333984,0.5541890263557434,0.14367501437664032,40.02315902709961,0.43525630235671997,0.09397745877504349,53.59465408325195,0.3115844428539276,0.16813400387763977,42.771873474121094,0.5065518617630005,0.14073878526687622,36.97652816772461,0.22369088232517242,0.14477796852588654,42.656280517578125,4.208620207714477,2.6564148665749348,0.5024335048670098,0.0918093475242943,0.5409224124633657,0.36726824001234,90.0,0.0,0.01129150390625,0.0616912841796875,0.085418701171875,0.1084747314453125,0.1151580810546875,0.08575439453125,0.100250244140625,0.1812591552734375,0.1693572998046875,0.0561065673828125,0.021881103515625,0.003265380859375,9.1552734375e-05,0.0,0.0,0.10797119140625,0.3470001220703125,0.4166412353515625,0.0915069580078125,0.0175323486328125,0.006561279296875,0.0044708251953125,0.003509521484375,0.0020751953125,0.0014801025390625,0.0007476806640625,0.0004425048828125,6.103515625e-05,0.0,0.0,0.0,0.026334360241889954,1.0,0.47431859374046326,0.45642605423927307,0.38854143023490906,0,all,pca,2.179114911254899,-4.629594259046043,2.179114911254899,-4.629594259046043,,
image_078.png,0.686274528503418,0.13872523605823517,0.3333333432674408,0.05732038989663124,212.2227325439453,14.430824739762848,0.8017837405204773,0.33871665596961975,211.4483642578125,0.8131539821624756,0.32963353395462036,210.7794189453125,0.8013231754302979,0.3271882236003876,212.163330078125,0.6818243265151978,0.3539033532142639,211.2820281982422,0.6684996485710144,0.3552357256412506,210.24888610839844,0.6370499730110168,0.3360985517501831,212.70960998535156,0.6477124691009521,0.3264353275299072,211.9033966064453,0.5741066932678223,0.2823300361633301,212.7932891845703,0.5034269094467163,0.2456413209438324,217.77047729492188,3.5379390688393166,0.8190321267323883,0.10806621613243227,0.15103270223752152,0.5750143430866322,0.27395295467584624,88.0,0.00286865234375,0.007659912109375,0.00830078125,0.0132598876953125,0.0063018798828125,0.0040130615234375,0.0045928955078125,0.007049560546875,0.0465240478515625,0.13397216796875,0.2665557861328125,0.211883544921875,0.1121063232421875,0.17486572265625,3.0517578125e-05,1.52587890625e-05,0.0082855224609375,0.01263427734375,0.01568603515625,0.038299560546875,0.2227325439453125,0.6077880859375,0.092193603515625,0.0011138916015625,0.0005645751953125,0.0001983642578125,0.00018310546875,0.000152587890625,7.62939453125e-05,6.103515625e-05,3.0517578125e-05,0.0,0.007098021451383829,1.0,0.5879220962524414,0.6751266717910767,0.773002564907074,1,all,pca,4.099745429153513,4.258458414476252,4.099745429153513,4.258458414476252,,
image_079.png,0.3803921639919281,0.20706294476985931,0.20173557102680206,0.3295755088329315,216.3982391357422,47.49583336395299,0.4551169276237488,0.5684334635734558,205.51100158691406,0.5046454071998596,0.47933369874954224,204.3922119140625,0.35571929812431335,0.8294204473495483,203.0915985107422,0.5534483790397644,0.24189788103103638,211.0911407470703,0.5425217747688293,0.1888103187084198,215.1148681640625,0.47796115279197693,0.14980922639369965,233.57164764404297,0.23002924025058746,0.24193677306175232,258.7459487915039,0.28324776887893677,0.27983877062797546,222.86155700683594,0.2130698710680008,0.1857883781194687,256.62510681152344,4.693111480835444,3.1922224711781166,0.6617893235786472,0.2282649428517894,0.21964586846543002,0.5520891886827806,37.0,0.044769287109375,0.0413360595703125,0.0572967529296875,0.0915374755859375,0.1396484375,0.1180572509765625,0.1013336181640625,0.10076904296875,0.0923309326171875,0.0619659423828125,0.04962158203125,0.03857421875,0.028564453125,0.0142364501953125,0.0120391845703125,0.0079193115234375,0.1428375244140625,0.189727783203125,0.1425628662109375,0.08465576171875,0.0587158203125,0.04327392578125,0.0348358154296875,0.04046630859375,0.03009033203125,0.0177154541015625,0.0154876708984375,0.0135650634765625,0.0135345458984375,0.0129241943359375,0.0175018310546875,0.1421051025390625,0.03889280930161476,1.0,0.3051305115222931,0.4120350778102875,0.4981454014778137,0,all,pca,-1.222891625164959,-3.1519529079451623,-1.222891625164959,-3.1519529079451623,,
image_080.png,0.45686274766921997,0.20708273351192474,0.1914893388748169,0.15379548072814941,248.89205932617188,140.45295546915213,0.6425060033798218,0.3015821874141693,213.69351196289062,0.6490684747695923,0.2582489848136902,215.6051483154297,0.622252881526947,0.2077617049217224,225.9885711669922,0.3864305913448334,0.08499546349048615,210.25527954101562,0.43624642491340637,0.1502975970506668,207.5213165283203,0.5197111368179321,0.24066497385501862,35.4147834777832,0.18936993181705475,0.27534019947052,28.62546730041504,0.2309643179178238,0.23251976072788239,20.896085739135742,0.2830125391483307,0.20575353503227234,30.972904205322266,4.600235693067162,3.494627398443945,0.47668795337590675,0.13555960200299147,0.3741301944462509,0.4903102035507576,87.0,0.0109710693359375,0.0537261962890625,0.0744476318359375,0.095428466796875,0.0874786376953125,0.0648651123046875,0.090087890625,0.077484130859375,0.1433563232421875,0.1290740966796875,0.0503997802734375,0.0360870361328125,0.0615081787109375,0.0160064697265625,0.0072174072265625,0.001861572265625,0.152252197265625,0.1607208251953125,0.1738128662109375,0.194000244140625,0.1035308837890625,0.0554351806640625,0.0490264892578125,0.0423126220703125,0.0401153564453125,0.014984130859375,0.0056304931640625,0.00341796875,0.0023956298828125,0.00146484375,0.0006256103515625,0.000274658203125,0.025451643392443657,1.0,0.4384514093399048,0.4375494420528412,0.4405096769332886,0,all,pca,1.4757511751805632,-3.860207574354512,1.4757511751805632,-3.860207574354512,,
image_081.png,0.7039215564727783,0.24398662149906158,0.0736842080950737,0.12121894210577011,340.9648380279541,100.84908555404536,0.7995917797088623,0.05855921655893326,222.64344787597656,0.8321769833564758,0.16136929392814636,328.8793888092041,0.8222089409828186,0.09500909596681595,268.64049530029297,0.6275264024734497,0.09672108292579651,222.54248046875,0.6955033540725708,0.11911926418542862,345.60006618499756,0.5593348145484924,0.13562685251235962,30.51103401184082,0.4916236400604248,0.1574263721704483,336.7602024078369,0.499510794878006,0.14683960378170013,0.2905522882938385,0.4872034788131714,0.09701067954301834,46.03819274902344,4.67885852369066,4.258253601660943,0.39613429226858454,0.35211488046327816,0.3821653558711899,0.26571976366553196,179.0,0.0052337646484375,0.013214111328125,0.0273895263671875,0.0381317138671875,0.038360595703125,0.052886962890625,0.04986572265625,0.0602874755859375,0.0728912353515625,0.0625,0.0676422119140625,0.053558349609375,0.1782073974609375,0.0831451416015625,0.0901947021484375,0.1064910888671875,0.4232330322265625,0.2393035888671875,0.1609039306640625,0.054962158203125,0.0447540283203125,0.042755126953125,0.012969970703125,0.00518798828125,0.0061492919921875,0.002471923828125,0.0010833740234375,0.0011138916015625,0.0005035400390625,0.0001068115234375,0.0001983642578125,0.004302978515625,0.02220187336206436,1.0,0.6587328910827637,0.6407719850540161,0.6327955722808838,1,all,pca,6.707394924830825,-0.20006581502221388,6.707394924830825,-0.20006581502221388,,
image_082.png,0.5588235259056091,0.23707978427410126,0.5657142996788025,0.3500947952270508,183.25526428222656,59.9860742543605,0.7661358118057251,0.9535568952560425,196.94764709472656,0.7897763252258301,0.9820694923400879,192.3306884765625,0.7790142893791199,0.9251445531845093,187.2467041015625,0.3268675208091736,0.3558865189552307,191.23678588867188,0.5742899775505066,0.34936001896858215,138.17236328125,0.40399375557899475,0.3594297468662262,77.53494262695312,0.33604544401168823,0.3362290561199188,216.8782958984375,0.4985550045967102,0.47855129837989807,206.2511444091797,0.4371286928653717,0.45042094588279724,183.38636779785156,4.527376089826537,3.437759606143689,0.30080910161820323,0.15484103673932087,0.40480239088988507,0.44035657237079406,90.0,0.0001220703125,0.0048675537109375,0.05682373046875,0.0835418701171875,0.0906982421875,0.0827789306640625,0.0744476318359375,0.0560760498046875,0.0537567138671875,0.044403076171875,0.0362091064453125,0.118408203125,0.1668243408203125,0.094390869140625,0.036651611328125,0.0,0.060333251953125,0.073333740234375,0.053131103515625,0.0569915771484375,0.068695068359375,0.0545196533203125,0.041168212890625,0.0360870361328125,0.052947998046875,0.056884765625,0.0433502197265625,0.021575927734375,0.011749267578125,0.0118408203125,0.0242767333984375,0.3331146240234375,0.01642661541700363,1.0,0.43810516595840454,0.6045398712158203,0.644568681716919,2,all,pca,-2.7792224150685385,2.955311179512454,-2.7792224150685385,2.955311179512454,,
image_083.png,0.48235297203063965,0.27096259593963623,0.1805216670036316,0.2058819830417633,49.91111373901367,41.1378119371729,0.5624045133590698,0.11891231685876846,50.07953643798828,0.7244402170181274,0.19157922267913818,53.68901824951172,0.7473922967910767,0.1317315548658371,56.87523651123047,0.40192222595214844,0.18449832499027252,65.5743637084961,0.4556862711906433,0.3062223196029663,74.6356201171875,0.5297948122024536,0.2552413046360016,85.2815933227539,0.2777691185474396,0.3200419843196869,33.89541244506836,0.2847890257835388,0.31978869438171387,32.88601303100586,0.27889612317085266,0.325283020734787,32.36814880371094,4.868816129158917,3.506538972064844,0.43283836567673134,0.2185496866606983,0.4685765443151298,0.3128737690241719,0.0,0.083038330078125,0.0354461669921875,0.088043212890625,0.0606536865234375,0.0321807861328125,0.0656890869140625,0.0858001708984375,0.06866455078125,0.07855224609375,0.079986572265625,0.07177734375,0.0660247802734375,0.08477783203125,0.0296630859375,0.018829345703125,0.050872802734375,0.1076812744140625,0.2187652587890625,0.1941680908203125,0.1620635986328125,0.0796051025390625,0.0596923828125,0.0528717041015625,0.028961181640625,0.0156402587890625,0.015106201171875,0.0120086669921875,0.00970458984375,0.0123443603515625,0.0047454833984375,0.0015411376953125,0.0251007080078125,0.023789361119270325,1.0,0.5084709525108337,0.4896092414855957,0.43135836720466614,0,all,pca,0.8229347564066308,-2.190608398907676,0.8229347564066308,-2.190608398907676,,
image_084.png,0.33529412746429443,0.2081492394208908,0.18644069135189056,0.12329539656639099,185.09414672851562,79.75859092846056,0.4850410521030426,0.2869395613670349,215.48854064941406,0.5254812240600586,0.21520531177520752,194.80014038085938,0.49617043137550354,0.26860177516937256,211.96617126464844,0.35842621326446533,0.1875261515378952,168.17495727539062,0.439876526594162,0.1368776261806488,170.3004913330078,0.36983102560043335,0.1922479271888733,170.56430053710938,0.1671505570411682,0.1676710844039917,172.5126190185547,0.25424182415008545,0.23613682389259338,83.38863372802734,0.19379474222660065,0.20520003139972687,126.11175537109375,4.44124383275276,3.926189906401479,0.37252774505549013,0.20545893317799785,0.5131896479986685,0.2813514188233336,90.0,0.0382843017578125,0.0891571044921875,0.172576904296875,0.0822296142578125,0.097198486328125,0.0480194091796875,0.030364990234375,0.0927581787109375,0.15972900390625,0.0876617431640625,0.0490264892578125,0.0300140380859375,0.0123443603515625,0.0035858154296875,0.0040435791015625,0.0030059814453125,0.0906829833984375,0.16986083984375,0.2437744140625,0.1254425048828125,0.2322235107421875,0.06817626953125,0.0191802978515625,0.0179290771484375,0.0135650634765625,0.010040283203125,0.004486083984375,0.002166748046875,0.0013580322265625,0.000732421875,0.000274658203125,0.0001068115234375,0.019758611917495728,1.0,0.33506977558135986,0.3637007176876068,0.3881462812423706,0,all,pca,0.9835982209351462,-5.635919525742912,0.9835982209351462,-5.635919525742912,,
image_085.png,0.3588235378265381,0.22873809933662415,0.48051944375038147,0.200424462556839,50.35785675048828,53.512651928995794,0.417277991771698,0.40920427441596985,72.45095825195312,0.563863217830658,0.30370810627937317,174.36659240722656,0.5392283201217651,0.3084201514720917,173.6518096923828,0.24777965247631073,0.5649495124816895,54.86740493774414,0.424529492855072,0.43103981018066406,37.29841995239258,0.4051055908203125,0.5282155871391296,32.608001708984375,0.2100313901901245,0.6643030047416687,58.21640396118164,0.3724234700202942,0.5437904000282288,41.3136100769043,0.3748897612094879,0.6228137016296387,30.083541870117188,4.667596795990329,3.042077047865593,0.7188604377208755,0.24990297123636207,0.2198456164560783,0.5302514123075596,7.0,0.0022735595703125,0.10638427734375,0.103302001953125,0.1090545654296875,0.1047210693359375,0.100128173828125,0.0979156494140625,0.0857086181640625,0.0691680908203125,0.0531158447265625,0.0387420654296875,0.0262298583984375,0.022247314453125,0.038330078125,0.0402374267578125,0.00244140625,0.0101165771484375,0.02227783203125,0.0381927490234375,0.05206298828125,0.0834808349609375,0.0946197509765625,0.11212158203125,0.1229248046875,0.1102447509765625,0.0984954833984375,0.083770751953125,0.0638885498046875,0.0490264892578125,0.031341552734375,0.0178680419921875,0.0095672607421875,0.04240626096725464,1.0,0.4992254972457886,0.4295768737792969,0.2873058617115021,2,all,pca,-6.210368338430207,-0.7736620050408773,-6.210368338430207,-0.7736620050408773,,
image_086.png,0.5529412031173706,0.22077004611492157,0.3258426785469055,0.1541462391614914,61.441646575927734,112.4904243247088,0.5977821946144104,0.37254101037979126,206.8275146484375,0.5841751098632812,0.28861328959465027,199.5676727294922,0.7365365028381348,0.4473037123680115,206.21229553222656,0.5447832345962524,0.3448459506034851,21.53931999206543,0.3983665406703949,0.20685617625713348,32.63737869262695,0.5101695656776428,0.2932986319065094,141.1191864013672,0.41441217064857483,0.2709028720855713,29.097810745239258,0.34924787282943726,0.2575295567512512,25.02081871032715,0.24265740811824799,0.24140341579914093,53.889366149902344,4.479344191537947,2.7380706102237182,0.44378138756277513,0.23684118612692537,0.27599455136041356,0.4871642625126611,0.0,0.048583984375,0.043487548828125,0.047607421875,0.054962158203125,0.0520477294921875,0.0537872314453125,0.069091796875,0.06768798828125,0.0745391845703125,0.0859375,0.2315216064453125,0.0800933837890625,0.0855560302734375,0.0050506591796875,4.57763671875e-05,0.0,0.0687255859375,0.100128173828125,0.1099090576171875,0.104400634765625,0.103302001953125,0.0567626953125,0.2835693359375,0.1163177490234375,0.0381317138671875,0.0087432861328125,0.005035400390625,0.0022125244140625,0.001068115234375,0.0004119873046875,0.0001220703125,0.00115966796875,0.023449499160051346,1.0,0.47240111231803894,0.49090099334716797,0.49743470549583435,0,all,pca,0.3320112485588584,-0.6916404665877953,0.3320112485588584,-0.6916404665877953,,
image_087.png,0.46666669845581055,0.1756952702999115,0.31313130259513855,0.12097928673028946,43.619895935058594,102.55863024896395,0.4506275951862335,0.35087576508522034,215.9667205810547,0.4978400468826294,0.3794889450073242,27.034523010253906,0.4428902268409729,0.35496434569358826,210.2036590576172,0.48496532440185547,0.27613168954849243,79.31199645996094,0.48980990052223206,0.3196274936199188,28.648874282836914,0.42839059233665466,0.2693752944469452,190.37973022460938,0.3316855728626251,0.29270994663238525,43.95465087890625,0.44932085275650024,0.23089928925037384,38.77549362182617,0.43004992604255676,0.3053479492664337,36.725799560546875,4.257911552096565,2.7304370462505902,0.5023405046810093,0.2879447067172699,0.3335184670924743,0.3785368261902558,179.0,0.00738525390625,0.0351104736328125,0.0757293701171875,0.072540283203125,0.045318603515625,0.0292205810546875,0.1566009521484375,0.20721435546875,0.1320953369140625,0.07891845703125,0.0724334716796875,0.0572052001953125,0.02587890625,0.0042266845703125,0.0001220703125,0.0,0.0371856689453125,0.04302978515625,0.06683349609375,0.1310272216796875,0.22076416015625,0.2071533203125,0.192657470703125,0.0519561767578125,0.0257415771484375,0.013092041015625,0.00555419921875,0.0029144287109375,0.00140380859375,0.00048828125,0.00018310546875,1.52587890625e-05,0.03375333547592163,1.0,0.445872962474823,0.44691842794418335,0.4427768588066101,0,all,pca,-0.5041874010402622,-2.347357416716213,-0.5041874010402622,-2.347357416716213,,
image_088.png,0.43529412150382996,0.16614633798599243,0.531531572341919,0.18643730878829956,226.6074676513672,46.33099311772499,0.40294620394706726,0.5750049948692322,214.1295623779297,0.44005507230758667,0.47197893261909485,221.83457946777344,0.3969477713108063,0.5857327580451965,213.80633544921875,0.5904113054275513,0.46881723403930664,219.32215881347656,0.45425307750701904,0.20063740015029907,290.9285583496094,0.5800949335098267,0.45030540227890015,221.2850799560547,0.3511456251144409,0.5014761090278625,232.11177825927734,0.31625092029571533,0.4534718096256256,232.2056655883789,0.35364025831222534,0.5019038319587708,232.7987060546875,4.383609253733913,2.194295423755062,0.24158348316696635,0.21962017194918518,0.2986654690106506,0.48171435904016424,90.0,0.0019073486328125,0.0089874267578125,0.0514373779296875,0.105499267578125,0.104888916015625,0.1104888916015625,0.1258544921875,0.15081787109375,0.101470947265625,0.116302490234375,0.0777435302734375,0.0156097412109375,0.009765625,0.008697509765625,0.007354736328125,0.003173828125,0.0114898681640625,0.0991058349609375,0.0495147705078125,0.0296630859375,0.0192413330078125,0.0178070068359375,0.0377349853515625,0.1194305419921875,0.2494049072265625,0.2448577880859375,0.087371826171875,0.023651123046875,0.0039215087890625,0.002777099609375,0.0024566650390625,0.0015716552734375,0.017633676528930664,1.0,0.2902772128582001,0.399860143661499,0.5770882368087769,2,all,pca,-3.8994841728777097,0.008502824690577882,-3.8994841728777097,0.008502824690577882,,
image_089.png,0.4274510145187378,0.25295910239219666,0.23333336412906647,0.1785050928592682,70.02326965332031,67.78085375887224,0.9434680938720703,0.391560435295105,236.42906951904297,0.7847585678100586,0.1252899467945099,72.22744750976562,0.7337351441383362,0.16331571340560913,137.95126342773438,0.41590937972068787,0.20008061826229095,40.53196716308594,0.3987613916397095,0.21379514038562775,15.743452072143555,0.3508884012699127,0.20333808660507202,35.94282531738281,0.3718215525150299,0.3704061508178711,84.3733139038086,0.35871410369873047,0.3288045823574066,79.78499603271484,0.3282317519187927,0.27769529819488525,80.05939483642578,4.53084657247386,4.55762785449124,0.7105059210118421,0.2041493051768145,0.3132485438164009,0.4826021510067846,90.0,0.0,0.0006256103515625,0.0249786376953125,0.0792999267578125,0.10906982421875,0.1552581787109375,0.152740478515625,0.084625244140625,0.056732177734375,0.0380401611328125,0.026947021484375,0.0297393798828125,0.0329437255859375,0.040557861328125,0.0488128662109375,0.11962890625,0.1024322509765625,0.15203857421875,0.1461639404296875,0.13623046875,0.14178466796875,0.1441192626953125,0.08966064453125,0.027252197265625,0.0121307373046875,0.0074005126953125,0.005218505859375,0.0060577392578125,0.007659912109375,0.0043792724609375,0.0048675537109375,0.012603759765625,0.03992534801363945,1.0,0.5469561219215393,0.5571982264518738,0.4588661789894104,0,all,pca,0.7513779139970622,-2.303354349931207,0.7513779139970622,-2.303354349931207,,
image_090.png,0.4176470637321472,0.28139689564704895,0.38022348284721375,0.2333105206489563,26.012008666992188,89.78396053442711,0.6845853924751282,0.3264112174510956,13.742440223693848,0.7761409282684326,0.4057055711746216,12.930655479431152,0.7510645985603333,0.3980332016944885,13.413394927978516,0.35745900869369507,0.3490537703037262,17.79050064086914,0.4826804995536804,0.23493069410324097,24.583332061767578,0.39630481600761414,0.37637367844581604,18.465896606445312,0.12810145318508148,0.6266387701034546,187.5392303466797,0.161075621843338,0.6295119524002075,186.8567657470703,0.1167798787355423,0.5634567737579346,186.81829833984375,4.5936571536778175,2.0371576236841125,0.23205096410192821,0.2899605904749182,0.3181484202792065,0.39189098924587534,177.0,0.052734375,0.1750946044921875,0.0943145751953125,0.062713623046875,0.0474090576171875,0.0465850830078125,0.0303497314453125,0.0368804931640625,0.0399322509765625,0.0581817626953125,0.0783843994140625,0.080841064453125,0.1372833251953125,0.0592803955078125,1.52587890625e-05,0.0,0.027618408203125,0.033416748046875,0.0387115478515625,0.07269287109375,0.12139892578125,0.1919097900390625,0.1558074951171875,0.0891265869140625,0.0487213134765625,0.0286865234375,0.0277557373046875,0.0255279541015625,0.027557373046875,0.025146484375,0.033355712890625,0.0525665283203125,0.013868825510144234,1.0,0.4649190306663513,0.4143606424331665,0.3889254033565521,2,all,pca,-3.5382355613966214,-0.1291993168960532,-3.5382355613966214,-0.1291993168960532,,
image_091.png,0.7941176891326904,0.19766739010810852,0.285714328289032,0.15036684274673462,26.205148696899414,19.236351953223878,0.7200382351875305,0.26126986742019653,21.612041473388672,0.7549399733543396,0.26364463567733765,26.72190284729004,0.6089560389518738,0.24930739402770996,28.217100143432617,0.6868552565574646,0.31776127219200134,30.177579879760742,0.711953341960907,0.24520616233348846,24.543176651000977,0.6368890404701233,0.2575611174106598,26.699321746826172,0.8911561369895935,0.4152876138687134,26.623807907104492,0.8181655406951904,0.34333398938179016,26.08074951171875,0.7980694770812988,0.3211786150932312,24.876554489135742,4.352170870147375,2.421917287013321,0.34811519623039244,0.296095106638764,0.2576250055656975,0.4462798877955385,0.0,0.0057373046875,0.0042877197265625,0.0092620849609375,0.0069427490234375,0.0139007568359375,0.022796630859375,0.0268402099609375,0.037384033203125,0.0510101318359375,0.0689544677734375,0.09765625,0.0897674560546875,0.0946807861328125,0.179656982421875,0.194976806640625,0.0961456298828125,0.04840087890625,0.070526123046875,0.068359375,0.15155029296875,0.2534942626953125,0.165283203125,0.118377685546875,0.0545196533203125,0.0302276611328125,0.013946533203125,0.007293701171875,0.0037841796875,0.002288818359375,0.001129150390625,0.000518798828125,0.0102996826171875,0.026718750596046448,1.0,0.792780876159668,0.7339749932289124,0.6808585524559021,1,all,pca,3.1876959845940176,4.405720081035838,3.1876959845940176,4.405720081035838,,
image_092.png,0.5509804487228394,0.2188902348279953,0.11764707416296005,0.09169094264507294,235.7904052734375,27.05323896992104,0.8061955571174622,0.1619151085615158,231.0644073486328,0.8246757388114929,0.14538496732711792,238.04322052001953,0.8033944368362427,0.12484326213598251,239.13597106933594,0.5617930293083191,0.1475229114294052,240.56055450439453,0.4841403067111969,0.1734558790922165,260.02734375,0.5887390971183777,0.11352986097335815,239.68761444091797,0.34849682450294495,0.09766299277544022,227.3975067138672,0.3525884449481964,0.08740987628698349,230.69859313964844,0.34816327691078186,0.09032245725393295,228.2318878173828,4.372266139079026,2.1488026039990196,0.13719077438154875,0.07095243475313524,0.5914585922494633,0.3375889729974014,86.0,0.0,0.0037689208984375,0.0088653564453125,0.0447235107421875,0.1085205078125,0.0909576416015625,0.09710693359375,0.1004791259765625,0.051513671875,0.0304718017578125,0.0356903076171875,0.0989532470703125,0.1681671142578125,0.1448974609375,0.0158843994140625,0.0,0.0924072265625,0.489013671875,0.3742218017578125,0.0094146728515625,0.00384521484375,0.00347900390625,0.00390625,0.0036163330078125,0.0037384033203125,0.0036773681640625,0.00457763671875,0.004486083984375,0.0027008056640625,0.000732421875,0.00018310546875,0.0,0.008827269077301025,1.0,0.546559751033783,0.5466095805168152,0.5907104015350342,1,all,pca,5.388410276594496,-1.5698901270764969,5.388410276594496,-1.5698901270764969,,
image_093.png,0.6235294342041016,0.22860892117023468,0.31100478768348694,0.1862117201089859,36.344444274902344,36.33305582572313,0.7127349972724915,0.35337409377098083,39.90949630737305,0.6073269844055176,0.3239969313144684,37.43903350830078,0.6353048086166382,0.32262399792671204,37.00439453125,0.5537130236625671,0.27501145005226135,55.281219482421875,0.37237778306007385,0.45989832282066345,33.70664596557617,0.6428720355033875,0.39720743894577026,29.588808059692383,0.4419216215610504,0.21149595081806183,30.369775772094727,0.46679380536079407,0.2815878987312317,34.6297492980957,0.5660089254379272,0.22102349996566772,26.440088272094727,4.671463385788245,2.6865668497867223,0.558993117986236,0.2418478260869565,0.3700366015971606,0.3881155723158829,90.0,0.0047149658203125,0.02886962890625,0.0450439453125,0.0644073486328125,0.054290771484375,0.053009033203125,0.0620574951171875,0.0611572265625,0.055938720703125,0.071563720703125,0.1378631591796875,0.2003936767578125,0.0575714111328125,0.0435943603515625,0.0291595458984375,0.030364990234375,0.063690185546875,0.0879669189453125,0.0964508056640625,0.0980072021484375,0.1595611572265625,0.2451324462890625,0.07354736328125,0.0385589599609375,0.0302734375,0.0271453857421875,0.0232086181640625,0.0189208984375,0.015411376953125,0.0096588134765625,0.0067138671875,0.0057525634765625,0.03544572740793228,1.0,0.6362730264663696,0.5731346011161804,0.4732436537742615,0,all,pca,0.16366070708891775,1.0081189467563971,0.16366070708891775,1.0081189467563971,,
image_094.png,0.5901960730552673,0.27375540137290955,0.35593217611312866,0.2660920321941376,36.180721282958984,19.475510988455152,0.4373466670513153,0.3248014450073242,27.484201431274414,0.6961132287979126,0.47772136330604553,40.325965881347656,0.6923218965530396,0.4579020142555237,41.240745544433594,0.6499428749084473,0.46243607997894287,37.37876510620117,0.749085545539856,0.49660709500312805,41.72830581665039,0.6645789742469788,0.4796091914176941,39.18513488769531,0.37540411949157715,0.39330220222473145,32.587158203125,0.49227088689804077,0.3854700028896332,32.612701416015625,0.5515355467796326,0.4118720293045044,34.026798248291016,4.6953310763070775,2.571326304870444,0.5665261330522661,0.33392612859097126,0.3231190150478796,0.3429548563611491,0.0,1.52587890625e-05,0.0056304931640625,0.0395355224609375,0.0753173828125,0.09625244140625,0.0943145751953125,0.0668182373046875,0.0489044189453125,0.049774169921875,0.050445556640625,0.057403564453125,0.06884765625,0.075469970703125,0.0589599609375,0.054290771484375,0.15802001953125,0.0374603271484375,0.022491455078125,0.0593414306640625,0.136688232421875,0.158447265625,0.118896484375,0.104736328125,0.0706329345703125,0.0469512939453125,0.0317230224609375,0.0236053466796875,0.021575927734375,0.0248565673828125,0.025146484375,0.02642822265625,0.0910186767578125,0.037213120609521866,1.0,0.6748741269111633,0.6024556756019592,0.503810465335846,2,all,pca,-1.7075637692714196,2.458578485481035,-1.7075637692714196,2.458578485481035,,
image_095.png,0.5843137502670288,0.2172851264476776,0.11888110637664795,0.15001991391181946,42.2478141784668,43.53267730260778,0.6166648864746094,0.20665745437145233,48.33245849609375,0.5077416300773621,0.15898366272449493,49.174415588378906,0.6098570227622986,0.12889398634433746,43.27825164794922,0.6350322365760803,0.1978854089975357,40.043190002441406,0.7159802317619324,0.2151714265346527,45.85226821899414,0.655293345451355,0.15642453730106354,47.671180725097656,0.3727072775363922,0.06606807559728622,30.23711585998535,0.3400624990463257,0.0993194431066513,23.504575729370117,0.6152862906455994,0.08799415826797485,34.55747604370117,4.636520345645993,3.061728870360659,0.3279496558993118,0.35499574628981945,0.3495131865015597,0.29549106720862084,0.0,0.0070648193359375,0.0514678955078125,0.031707763671875,0.0253753662109375,0.032440185546875,0.0348663330078125,0.059112548828125,0.087158203125,0.133209228515625,0.0789947509765625,0.110382080078125,0.166778564453125,0.093170166015625,0.038055419921875,0.030181884765625,0.0200347900390625,0.2169647216796875,0.3280029296875,0.2649078369140625,0.1137847900390625,0.018798828125,0.0056610107421875,0.0051422119140625,0.0059967041015625,0.00494384765625,0.0041046142578125,0.0037689208984375,0.0046234130859375,0.0062408447265625,0.005523681640625,0.0058135986328125,0.0057220458984375,0.023999197408556938,1.0,0.5976122617721558,0.5790674686431885,0.5273444652557373,1,all,pca,3.8529919299067763,-0.8963420740459445,3.8529919299067763,-0.8963420740459445,,
image_096.png,0.5313725471496582,0.26402783393859863,0.2232142835855484,0.2569115161895752,61.2238655090332,51.21949288624661,0.4214291572570801,0.29286569356918335,51.628379821777344,0.5506192445755005,0.28516703844070435,55.025447845458984,0.844802737236023,0.34536150097846985,65.91714477539062,0.45023033022880554,0.19040769338607788,64.01536560058594,0.4876873791217804,0.23143763840198517,68.37029266357422,0.7540838718414307,0.2608768045902252,83.0983657836914,0.4118996262550354,0.2721719741821289,64.6529541015625,0.3415865898132324,0.47853779792785645,29.322399139404297,0.6690978407859802,0.42876988649368286,78.64916229248047,4.756553529486679,3.988091478929791,0.455995411990824,0.4163975661987151,0.2122437880281451,0.3713586457731398,0.0,0.00335693359375,0.0109100341796875,0.0465240478515625,0.096099853515625,0.0869903564453125,0.0755157470703125,0.066558837890625,0.07403564453125,0.081146240234375,0.0953826904296875,0.0598297119140625,0.049407958984375,0.0378570556640625,0.0396728515625,0.0517425537109375,0.124969482421875,0.0818023681640625,0.1628875732421875,0.143157958984375,0.1653900146484375,0.096954345703125,0.0703582763671875,0.0533599853515625,0.041778564453125,0.03173828125,0.02020263671875,0.0151214599609375,0.0145111083984375,0.01898193359375,0.022369384765625,0.0148162841796875,0.04656982421875,0.026736576110124588,1.0,0.5991432666778564,0.5709919333457947,0.4898403286933899,0,all,pca,0.29201629743047675,-0.18310500721040632,0.29201629743047675,-0.18310500721040632,,
image_097.png,0.7745097875595093,0.15811119973659515,0.08771929889917374,0.1596115529537201,239.00779724121094,48.02363453771076,0.6236957907676697,0.32879072427749634,225.73126220703125,0.6876130104064941,0.2743135988712311,222.76675415039062,0.6471149325370789,0.2880242168903351,221.50973510742188,0.7159639000892639,0.13567744195461273,259.5652160644531,0.7458326816558838,0.11595567315816879,252.54373168945312,0.762128472328186,0.07591208070516586,233.66529083251953,0.8776000738143921,0.038122449070215225,300.87921142578125,0.8187888860702515,0.07790699601173401,246.03611755371094,0.8946999907493591,0.04268907383084297,239.82157135009766,3.551440856918693,2.720751364800346,0.20636741273482548,0.19941415051825145,0.37066246056782337,0.4299233889139252,86.0,0.0,0.000274658203125,0.000946044921875,0.0014190673828125,0.0046234130859375,0.0223846435546875,0.0225372314453125,0.0333251953125,0.0550537109375,0.0442657470703125,0.114837646484375,0.15826416015625,0.0860137939453125,0.059417724609375,0.3965301513671875,0.0001068115234375,0.4532012939453125,0.1411895751953125,0.07537841796875,0.0398101806640625,0.1316680908203125,0.11474609375,0.005523681640625,0.003021240234375,0.002838134765625,0.004150390625,0.0073699951171875,0.00860595703125,0.0096893310546875,0.002716064453125,9.1552734375e-05,0.0,0.013001475483179092,1.0,0.7281317710876465,0.7350590825080872,0.7785390615463257,1,all,pca,7.64155560579358,3.5424551641627002,7.64155560579358,3.5424551641627002,,
image_098.png,0.5254902243614197,0.2026619017124176,0.06185566633939743,0.08804930746555328,64.81461334228516,52.3982259888002,0.5882154703140259,0.08323774486780167,68.7462387084961,0.5023478269577026,0.0330241434276104,63.369869232177734,0.5284225344657898,0.03595292195677757,96.87097930908203,0.5530850291252136,0.12453862279653549,56.8770751953125,0.670075535774231,0.10776523500680923,84.497802734375,0.5797363519668579,0.11106593161821365,70.31001281738281,0.39647194743156433,0.12410634756088257,19.5522403717041,0.5164588093757629,0.07988464087247849,58.56651306152344,0.3192104399204254,0.07444680482149124,62.00279998779297,4.57514505747193,3.8829877333431506,0.33878417756835516,0.44461728508029463,0.3020085098595416,0.2533742050601638,0.0,0.0044097900390625,0.019195556640625,0.057220458984375,0.0637664794921875,0.0234222412109375,0.035675048828125,0.0988311767578125,0.141815185546875,0.135833740234375,0.151580810546875,0.0971832275390625,0.051025390625,0.037628173828125,0.03497314453125,0.025299072265625,0.0221405029296875,0.5028076171875,0.25732421875,0.16455078125,0.045684814453125,0.0146026611328125,0.006256103515625,0.0021514892578125,0.000732421875,0.0010223388671875,0.0005340576171875,0.0003509521484375,0.0001983642578125,0.00048828125,0.00018310546875,3.0517578125e-05,0.003082275390625,0.023623066022992134,1.0,0.5344823598861694,0.5201072096824646,0.4946455955505371,0,all,pca,4.267161169651919,-2.8475806291647414,4.267161169651919,-2.8475806291647414,,
image_099.png,0.529411792755127,0.20213548839092255,0.17475730180740356,0.10975335538387299,216.24960327148438,5.952662855834891,0.4856441020965576,0.2017073631286621,216.10006713867188,0.5890858173370361,0.21053354442119598,216.7572784423828,0.4818234443664551,0.20704644918441772,215.77166748046875,0.5135399103164673,0.20047882199287415,216.75137329101562,0.5208739042282104,0.17815332114696503,217.62234497070312,0.39364877343177795,0.19682663679122925,215.73812866210938,0.5225619077682495,0.2256069928407669,215.3633575439453,0.5606545209884644,0.21819043159484863,216.5258331298828,0.40979573130607605,0.22075682878494263,215.63555908203125,4.600494494879656,1.2301538296073946,0.8662967325934652,0.3163714439076758,0.1849704777241009,0.4986580783682233,178.0,0.04144287109375,0.0288848876953125,0.030120849609375,0.03619384765625,0.048126220703125,0.0601806640625,0.082275390625,0.108489990234375,0.134368896484375,0.1350250244140625,0.125946044921875,0.09283447265625,0.04754638671875,0.0249481201171875,0.003570556640625,4.57763671875e-05,3.0517578125e-05,0.0466156005859375,0.53680419921875,0.245086669921875,0.081024169921875,0.0324249267578125,0.016845703125,0.01019287109375,0.0076904296875,0.0053253173828125,0.0047454833984375,0.00341796875,0.004180908203125,0.0025634765625,0.0003662109375,0.002685546875,0.05905143544077873,1.0,0.43803998827934265,0.4842957556247711,0.5564396977424622,0,all,pca,2.670019417552592,-2.8529419566462346,2.670019417552592,-2.8529419566462346,,
image_100.png,0.26862746477127075,0.19922161102294922,0.39784950017929077,0.19375427067279816,32.69675827026367,71.9765968824202,0.18988019227981567,0.5135384202003479,34.43165588378906,0.20014628767967224,0.5125078558921814,33.86292266845703,0.1449856460094452,0.5633518695831299,33.51506805419922,0.38697415590286255,0.4063493013381958,43.45516586303711,0.41164231300354004,0.3193471431732178,38.173831939697266,0.5092092752456665,0.2620772421360016,49.817569732666016,0.2977425456047058,0.37150970101356506,227.9649658203125,0.2830002009868622,0.3134325444698334,233.73748779296875,0.3719843626022339,0.3205750584602356,30.022478103637695,4.27083670651443,2.979553578701191,0.4916764833529667,0.2093881025188361,0.3602975946533842,0.4303143028277797,79.0,0.0073394775390625,0.1000823974609375,0.1837921142578125,0.15728759765625,0.2018280029296875,0.120849609375,0.0523681640625,0.031463623046875,0.0266876220703125,0.0257415771484375,0.017669677734375,0.01519775390625,0.0146026611328125,0.0153961181640625,0.013519287109375,0.01617431640625,0.037261962890625,0.0517730712890625,0.069488525390625,0.090423583984375,0.091156005859375,0.1115264892578125,0.1209259033203125,0.1098785400390625,0.1148681640625,0.0906982421875,0.052093505859375,0.0244598388671875,0.0145721435546875,0.0083465576171875,0.0064849853515625,0.00604248046875,0.030545644462108612,1.0,0.35146984457969666,0.31029772758483887,0.267486035823822,0,all,pca,-5.214950511890893,-3.7068953202243313,-5.214950511890893,-3.7068953202243313,,
image_101.png,0.4725490212440491,0.18087686598300934,0.6688742637634277,0.15643253922462463,16.429527282714844,4.533275440782329,0.4396621584892273,0.6644952893257141,15.775968551635742,0.6389461755752563,0.6478922367095947,16.058319091796875,0.40741828083992004,0.5271087884902954,19.62938117980957,0.47096413373947144,0.7651851773262024,18.967952728271484,0.7080129981040955,0.702005922794342,14.5637845993042,0.7031482458114624,0.6450639367103577,18.295875549316406,0.40814274549484253,0.8245681524276733,19.663833618164062,0.411151260137558,0.6712746620178223,12.895858764648438,0.48939651250839233,0.6972286701202393,12.04758071899414,4.404201766464523,0.9771124574937697,0.21603943207886417,0.11902712010331468,0.36490170756206053,0.5160711723346247,59.0,0.0055084228515625,0.006622314453125,0.00689697265625,0.0189361572265625,0.0520172119140625,0.104522705078125,0.2031402587890625,0.15765380859375,0.083404541015625,0.0660858154296875,0.0850372314453125,0.0623626708984375,0.0648956298828125,0.0592803955078125,0.02362060546875,1.52587890625e-05,3.0517578125e-05,0.0,0.0,0.0002899169921875,0.00457763671875,0.0110626220703125,0.027984619140625,0.07470703125,0.142730712890625,0.154144287109375,0.1108551025390625,0.084625244140625,0.137237548828125,0.132293701171875,0.072601318359375,0.0468597412109375,0.01198660023510456,1.0,0.752120852470398,0.4186325669288635,0.2866673469543457,2,all,pca,-8.892131696906885,5.889380079661528,-8.892131696906885,5.889380079661528,,
image_102.png,0.7254902124404907,0.15762393176555634,0.4047619700431824,0.15998029708862305,217.90768432617188,76.6393747227556,0.8284627795219421,0.5033125281333923,211.45704650878906,0.7586899995803833,0.47549766302108765,213.062255859375,0.7988033890724182,0.5049211978912354,209.46133422851562,0.7260932326316833,0.3780767321586609,210.71507263183594,0.630143404006958,0.3611735701560974,212.74359130859375,0.6272355914115906,0.32696768641471863,215.22476196289062,0.6122177243232727,0.20930951833724976,5.932397842407227,0.6046149730682373,0.24057970941066742,0.3577907681465149,0.557410478591919,0.2457524687051773,15.210319519042969,3.867936574815429,2.5966770433838815,0.28468906937813876,0.15843632601949148,0.38356835629117436,0.45799531768933416,90.0,0.0,0.0,0.0,0.0002899169921875,0.010955810546875,0.02685546875,0.0335235595703125,0.056976318359375,0.1642913818359375,0.093109130859375,0.073822021484375,0.0629119873046875,0.145355224609375,0.316986083984375,0.014923095703125,0.0,0.0548248291015625,0.0710906982421875,0.0539703369140625,0.060089111328125,0.1192779541015625,0.0981597900390625,0.143310546875,0.205780029296875,0.106536865234375,0.0814666748046875,0.0053558349609375,9.1552734375e-05,0.0,0.0,3.0517578125e-05,1.52587890625e-05,0.015448370948433876,1.0,0.6236621737480164,0.673845648765564,0.7410981059074402,1,all,pca,2.4729409400861306,4.252631276748772,2.4729409400861306,4.252631276748772,,
image_103.png,0.7156863212585449,0.16591475903987885,0.30131006240844727,0.22154587507247925,312.9612731933594,104.40455912215631,0.9247615933418274,0.021188782528042793,7.1294121742248535,0.5426340699195862,0.1694868505001068,23.269073486328125,0.6973581910133362,0.24217458069324493,19.52159309387207,0.7867204546928406,0.2981918752193451,228.49131774902344,0.6847100257873535,0.47952958941459656,219.43707275390625,0.7936208248138428,0.2247311919927597,310.2189750671387,0.650690495967865,0.3706699013710022,272.5779724121094,0.6522713899612427,0.48079171776771545,217.2539825439453,0.8052111268043518,0.1188020333647728,347.1315631866455,4.029720587365702,2.7299678913580556,0.28095356190712384,0.2542756261723491,0.27805362462760674,0.46767074920004414,97.0,0.0,0.001068115234375,0.011688232421875,0.012237548828125,0.007293701171875,0.005584716796875,0.0093231201171875,0.0232696533203125,0.0475006103515625,0.098602294921875,0.178955078125,0.1990509033203125,0.0337371826171875,0.10009765625,0.2329559326171875,0.03863525390625,0.3499755859375,0.03875732421875,0.0230560302734375,0.0238800048828125,0.0795135498046875,0.06048583984375,0.0734405517578125,0.1587066650390625,0.1424560546875,0.042877197265625,0.00628662109375,0.0005035400390625,1.52587890625e-05,3.0517578125e-05,0.0,1.52587890625e-05,0.015271155163645744,1.0,0.6872633695602417,0.7050798535346985,0.7656466364860535,1,all,pca,4.4190064114443945,4.7144489935574825,4.4190064114443945,4.7144489935574825,,
image_104.png,0.20000000298023224,0.2870338559150696,0.29921263456344604,0.32199400663375854,1.244456171989441,63.674035903713325,0.15264618396759033,0.49489977955818176,13.599783897399902,0.6132287979125977,0.3733583390712738,12.730598449707031,0.5995078682899475,0.32419317960739136,0.057732872664928436,0.21906371414661407,0.5624473094940186,16.964895248413086,0.29643693566322327,0.31730082631111145,220.7332305908203,0.2793189585208893,0.43756118416786194,0.8461264371871948,0.0792350023984909,0.35961300134658813,15.60738754272461,0.14473190903663635,0.3181014657020569,260.8568420410156,0.13758470118045807,0.1913498491048813,330.7588424682617,4.177246006547807,3.6791692080566722,0.5011470022940046,0.4441420264753186,0.08598292713101571,0.46987504639366573,12.0,0.3459625244140625,0.0751190185546875,0.06597900390625,0.0629119873046875,0.0672454833984375,0.056640625,0.0734100341796875,0.0423736572265625,0.029205322265625,0.02545166015625,0.0241851806640625,0.0214080810546875,0.02001953125,0.028839111328125,0.0612030029296875,4.57763671875e-05,0.21832275390625,0.0474395751953125,0.0597686767578125,0.0806121826171875,0.1140289306640625,0.086395263671875,0.0520172119140625,0.042083740234375,0.0312652587890625,0.033966064453125,0.03692626953125,0.0245819091796875,0.020782470703125,0.0195465087890625,0.0261383056640625,0.1061248779296875,0.028864212334156036,1.0,0.3271509110927582,0.26225951313972473,0.23416388034820557,0,all,pca,-4.397744294638287,-3.802645976654642,-4.397744294638287,-3.802645976654642,,
image_105.png,0.14705882966518402,0.21529032289981842,0.4375000298023224,0.2547236979007721,20.66573715209961,19.29678259927978,0.4250901937484741,0.4434816539287567,17.879150390625,0.09717132151126862,0.5516111850738525,23.223085403442383,0.3919524848461151,0.33726394176483154,18.84048843383789,0.27068132162094116,0.45197880268096924,18.38556671142578,0.08361600339412689,0.6603489518165588,22.98672866821289,0.26135003566741943,0.3829860985279083,20.178239822387695,0.24490921199321747,0.5262729525566101,21.781003952026367,0.035481613129377365,0.6223341822624207,11.257858276367188,0.2759820222854614,0.37669888138771057,33.546566009521484,4.274289043047585,2.2366292451238166,0.28180606361212723,0.5113580111104999,0.12859578681040648,0.36004620207909355,179.0,0.2385406494140625,0.1991424560546875,0.12835693359375,0.0654144287109375,0.061676025390625,0.0819244384765625,0.0459136962890625,0.043121337890625,0.0417327880859375,0.02752685546875,0.0181427001953125,0.0190582275390625,0.0082244873046875,0.011016845703125,0.0078125,0.0023956298828125,0.06134033203125,0.0272064208984375,0.00726318359375,0.03118896484375,0.092193603515625,0.154144287109375,0.126556396484375,0.0853424072265625,0.102325439453125,0.07037353515625,0.0331268310546875,0.0394287109375,0.0363311767578125,0.033782958984375,0.0175323486328125,0.0818634033203125,0.011516185477375984,1.0,0.3032205104827881,0.20441637933254242,0.16062892973423004,2,all,pca,-7.540515678349414,-3.0681331408444033,-7.540515678349414,-3.0681331408444033,,
image_106.png,0.6196078658103943,0.16318105161190033,0.5543478727340698,0.1932501643896103,22.871559143066406,2.9191517909549303,0.37672707438468933,0.3923889398574829,19.48729705810547,0.6120646595954895,0.6221041083335876,22.81965446472168,0.45627209544181824,0.35514163970947266,22.264896392822266,0.5663507580757141,0.5359006524085999,21.584104537963867,0.7029275298118591,0.6950125098228455,23.614910125732422,0.6801266074180603,0.6271485090255737,24.94161033630371,0.5708028078079224,0.4811558723449707,22.123525619506836,0.6785786747932434,0.6963127851486206,23.43339729309082,0.6911820769309998,0.6691311001777649,25.492351531982422,4.2860658805029725,0.6284328486356265,0.24928699857399714,0.1553814586830815,0.319219051172045,0.5253994901448734,106.0,0.0,0.000762939453125,0.007171630859375,0.021331787109375,0.04736328125,0.055999755859375,0.0542755126953125,0.0671844482421875,0.12420654296875,0.12640380859375,0.1518402099609375,0.18292236328125,0.1025390625,0.0511474609375,0.0068511962890625,0.0,0.0,6.103515625e-05,0.001953125,0.018646240234375,0.07208251953125,0.1119537353515625,0.1015167236328125,0.133819580078125,0.06597900390625,0.0818634033203125,0.1434173583984375,0.080352783203125,0.055908203125,0.061126708984375,0.04913330078125,0.022186279296875,0.014392601326107979,1.0,0.7712782025337219,0.5524038672447205,0.41483601927757263,2,all,pca,-4.931876265244778,6.43161332967259,-4.931876265244778,6.43161332967259,,
image_107.png,0.2823529541492462,0.23864521086215973,0.485714316368103,0.18307490646839142,28.967411041259766,53.558036457144375,0.46101096272468567,0.43870869278907776,212.50120544433594,0.6728472113609314,0.30676451325416565,49.25402069091797,0.6530645489692688,0.345292866230011,32.10384750366211,0.3107127845287323,0.3421840965747833,30.47374725341797,0.32912546396255493,0.4325934052467346,25.03619384765625,0.5156299471855164,0.33150163292884827,7.171163082122803,0.19439849257469177,0.5351331830024719,29.401262283325195,0.1869078129529953,0.5331929326057434,29.110599517822266,0.2136443704366684,0.4844542145729065,32.15587615966797,4.239387721972761,2.659705003208962,0.18455886911773822,0.08322835306962291,0.4732510288065844,0.44352061812379273,90.0,0.0,0.019317626953125,0.209686279296875,0.23577880859375,0.05767822265625,0.043121337890625,0.0465545654296875,0.0369720458984375,0.084930419921875,0.0411224365234375,0.043212890625,0.0791473388671875,0.0336761474609375,0.053253173828125,0.0155487060546875,0.0,0.0871734619140625,0.0555419921875,0.0284881591796875,0.01544189453125,0.031005859375,0.0831451416015625,0.0886077880859375,0.1607818603515625,0.2978973388671875,0.1021728515625,0.0305633544921875,0.0146636962890625,0.0039825439453125,0.0004119873046875,7.62939453125e-05,4.57763671875e-05,0.009719773195683956,1.0,0.4580098092556,0.3847244679927826,0.32646632194519043,2,all,pca,-4.6849972111351565,-1.1771731055005243,-4.6849972111351565,-1.1771731055005243,,
image_108.png,0.686274528503418,0.15510554611682892,0.05970148742198944,0.2137223333120346,358.63797664642334,90.3877242144725,0.6943244338035583,0.04323690012097359,204.01173400878906,0.7259035706520081,0.019841117784380913,189.82781982421875,0.7019819617271423,0.005681253038346767,15.853850364685059,0.6752466559410095,0.12077464163303375,225.3793487548828,0.5973145365715027,0.23307308554649353,326.6049041748047,0.6229140758514404,0.18008121848106384,15.763545036315918,0.5879107117652893,0.13618457317352295,9.951457023620605,0.4930036962032318,0.35647308826446533,11.455798149108887,0.3610367178916931,0.5332795977592468,14.837427139282227,3.708550690422731,3.1133026486569007,0.10673321346642693,0.10063897763578275,0.4780714493174557,0.42128957304676157,102.0,0.0015411376953125,0.0048675537109375,0.008392333984375,0.017547607421875,0.03399658203125,0.0384979248046875,0.05126953125,0.08197021484375,0.1031951904296875,0.057220458984375,0.1065673828125,0.418853759765625,0.076080322265625,0.0,0.0,0.0,0.5035400390625,0.0937957763671875,0.0512542724609375,0.0405426025390625,0.02960205078125,0.09051513671875,0.070343017578125,0.0283050537109375,0.021240234375,0.0194244384765625,0.01654052734375,0.011138916015625,0.00823974609375,0.0060882568359375,0.004364013671875,0.00506591796875,0.0060327304527163506,1.0,0.6614754796028137,0.576943576335907,0.5507503747940063,1,all,pca,4.431451496379775,1.414147371063822,4.431451496379775,1.414147371063822,,
image_109.png,0.47647058963775635,0.14964506030082703,0.3888888657093048,0.18473094701766968,26.937759399414062,6.914426991674612,0.6074802875518799,0.5647757649421692,27.91883087158203,0.6167712807655334,0.5551117062568665,26.139232635498047,0.5471983551979065,0.5003695487976074,23.656497955322266,0.47924503684043884,0.5848364233970642,23.964113235473633,0.38972169160842896,0.39668914675712585,25.25664520263672,0.46139806509017944,0.3563302755355835,28.960052490234375,0.4645344913005829,0.5488985180854797,21.620683670043945,0.3891175389289856,0.3603440523147583,32.87739181518555,0.4577697217464447,0.3136079013347626,31.856372833251953,4.163069320613033,1.5849561264034464,0.5441595883191767,0.12954681402569287,0.3636311846640271,0.50682200131028,97.0,0.0,0.0003204345703125,0.0047454833984375,0.0306396484375,0.10821533203125,0.0851287841796875,0.1588287353515625,0.1738739013671875,0.1340789794921875,0.0856475830078125,0.0742950439453125,0.09954833984375,0.044677734375,0.0,0.0,0.0,0.0,0.0,0.0,9.1552734375e-05,0.1375732421875,0.305419921875,0.207305908203125,0.0767059326171875,0.0411224365234375,0.037017822265625,0.03656005859375,0.0321807861328125,0.032440185546875,0.040283203125,0.036346435546875,0.0169525146484375,0.021653495728969574,1.0,0.6540528535842896,0.4708807170391083,0.3267989754676819,2,all,pca,-4.036115070855808,1.5199268999683284,-4.036115070855808,1.5199268999683284,,
image_110.png,0.4803921580314636,0.1563318371772766,0.11203321814537048,0.16378770768642426,206.67430114746094,95.90364036177027,0.5685998201370239,0.2777796983718872,19.003122329711914,0.4279435873031616,0.07783783972263336,203.92919921875,0.459335595369339,0.19520790874958038,55.08898162841797,0.6282714009284973,0.186379075050354,3.816586971282959,0.4553760886192322,0.09835728257894516,206.37635803222656,0.5256752967834473,0.1664547175168991,219.22109985351562,0.6203050017356873,0.1927611082792282,32.52755355834961,0.44788068532943726,0.09601797163486481,211.98548889160156,0.5092328190803528,0.13680535554885864,161.83314514160156,4.212265660169244,3.2042788740972665,0.7148924297848596,0.26612028966653656,0.19233771302198516,0.5415419973114782,12.0,0.0,0.000579833984375,0.0032501220703125,0.013763427734375,0.033416748046875,0.0940704345703125,0.1951751708984375,0.2200469970703125,0.1477813720703125,0.0764007568359375,0.063446044921875,0.053131103515625,0.0371856689453125,0.029998779296875,0.01568603515625,0.0160675048828125,0.2081298828125,0.4027862548828125,0.1515045166015625,0.079620361328125,0.06024169921875,0.02783203125,0.013031005859375,0.00946044921875,0.0063323974609375,0.005889892578125,0.005401611328125,0.004852294921875,0.0059661865234375,0.005706787109375,0.0055694580078125,0.0076751708984375,0.03977496549487114,1.0,0.5197256207466125,0.5162009596824646,0.5122656226158142,0,all,pca,3.0540179138883308,-2.7842553985429745,3.0540179138883308,-2.7842553985429745,,
image_111.png,0.6803921461105347,0.10233840346336365,0.22761797904968262,0.1298673003911972,26.982364654541016,9.080063537219756,0.6687721610069275,0.20265844464302063,28.73483657836914,0.7049048542976379,0.26069027185440063,27.35194969177246,0.7270714044570923,0.13281989097595215,33.62821960449219,0.6876230835914612,0.23763854801654816,29.330862045288086,0.675911545753479,0.3698793053627014,20.035999298095703,0.6944288015365601,0.34153231978416443,23.57707405090332,0.6416416168212891,0.13668681681156158,32.63633728027344,0.5318986177444458,0.2310362011194229,27.680757522583008,0.5467245578765869,0.38334256410598755,19.99529457092285,3.511314527357574,1.9815800230074547,0.10130820261640523,0.2461750305997552,0.15835373317013463,0.5954712362301101,119.0,0.0,0.0,0.0,0.0,0.0022125244140625,0.011871337890625,0.0324554443359375,0.0701446533203125,0.0634765625,0.109161376953125,0.2436370849609375,0.3468780517578125,0.11505126953125,0.0051116943359375,0.0,0.0,0.000885009765625,0.156585693359375,0.311370849609375,0.0403594970703125,0.0774688720703125,0.1657257080078125,0.163604736328125,0.0718231201171875,0.0092926025390625,0.0018463134765625,0.0008697509765625,0.000152587890625,1.52587890625e-05,0.0,0.0,0.0,0.008039576932787895,1.0,0.739371657371521,0.6321907043457031,0.5664511919021606,1,all,pca,3.1659049965822468,3.583160097208533,3.1659049965822468,3.583160097208533,,
image_112.png,0.7215686440467834,0.23691575229167938,0.43157899379730225,0.19607196748256683,20.452238082885742,9.169830926906709,0.8591033220291138,0.4532366096973419,31.01776885986328,0.8656120300292969,0.6511678099632263,26.152650833129883,0.8492744565010071,0.44421204924583435,30.455507278442383,0.6864023208618164,0.3621244430541992,21.756793975830078,0.6692411303520203,0.5547022819519043,11.898963928222656,0.7097379565238953,0.6206687688827515,15.42930793762207,0.36075910925865173,0.49286559224128723,16.95046615600586,0.4284069836139679,0.392909437417984,16.25568389892578,0.32135653495788574,0.44880256056785583,14.461384773254395,4.362659698513518,1.6735008884236935,0.043276086552173104,0.17872492836676218,0.34025787965616044,0.4810171919770774,87.0,0.00286865234375,0.021148681640625,0.064788818359375,0.02587890625,0.0226287841796875,0.021331787109375,0.035186767578125,0.0697174072265625,0.0788421630859375,0.0569000244140625,0.05926513671875,0.0894622802734375,0.1203460693359375,0.2201995849609375,0.1114349365234375,0.0,1.52587890625e-05,0.0001373291015625,0.0087890625,0.0354766845703125,0.07830810546875,0.230987548828125,0.15936279296875,0.125274658203125,0.06939697265625,0.05364990234375,0.0555877685546875,0.05560302734375,0.035614013671875,0.02215576171875,0.0310516357421875,0.0385894775390625,0.005587529391050339,1.0,0.7560361623764038,0.5878502726554871,0.5195229053497314,2,all,pca,-2.072448825156725,5.783605811631879,-2.072448825156725,5.783605811631879,,
image_113.png,0.4960784316062927,0.13272224366664886,0.15288981795310974,0.09216795861721039,22.75513458251953,39.30550820953027,0.5138883590698242,0.08166206628084183,42.937870025634766,0.4817129969596863,0.09711825847625732,25.586009979248047,0.4066162407398224,0.13592150807380676,25.49287986755371,0.4807911217212677,0.1510194092988968,22.782846450805664,0.49639567732810974,0.16826823353767395,18.97295570373535,0.4272460341453552,0.1398417353630066,21.344633102416992,0.5243558287620544,0.14787034690380096,22.91405487060547,0.44566184282302856,0.18198703229427338,16.755542755126953,0.5710686445236206,0.09193043410778046,16.599035263061523,3.9292548508440777,2.9742161746475113,0.18593837187674375,0.21865621873957986,0.4273091030343448,0.35403467822607537,92.0,0.0002288818359375,0.0085906982421875,0.0182952880859375,0.027496337890625,0.0624237060546875,0.0535888671875,0.112091064453125,0.2375335693359375,0.29571533203125,0.0729522705078125,0.023895263671875,0.0669708251953125,0.0126953125,0.004669189453125,0.0027923583984375,6.103515625e-05,0.2770233154296875,0.1657562255859375,0.34619140625,0.149017333984375,0.0286102294921875,0.011383056640625,0.0122528076171875,0.0047454833984375,0.0018310546875,0.0007781982421875,0.0010528564453125,0.0010223388671875,0.0002288818359375,7.62939453125e-05,3.0517578125e-05,0.0,0.01056320033967495,1.0,0.532525360584259,0.47019410133361816,0.43376678228378296,0,all,pca,2.8516284335726643,-3.209816174086143,2.8516284335726643,-3.209816174086143,,
image_114.png,0.5764706134796143,0.12154711037874222,0.27272728085517883,0.09907464683055878,14.564602851867676,8.6935721715545,0.6928915977478027,0.385345995426178,12.221450805664062,0.5742465853691101,0.30609482526779175,16.434398651123047,0.6853775978088379,0.3611210584640503,12.851383209228516,0.5896850824356079,0.3656681180000305,7.325369834899902,0.49905097484588623,0.2532365322113037,15.069635391235352,0.5544534921646118,0.2888607978820801,12.2846097946167,0.4990365207195282,0.2220417559146881,14.57506275177002,0.5143507719039917,0.18888679146766663,21.266178131103516,0.5021347403526306,0.21075330674648285,19.082786560058594,3.896268322444695,1.4772677187758352,0.3002821005642011,0.544107778867496,0.08563464615702265,0.37025757497548134,1.0,0.0,0.0,0.0003204345703125,0.022369384765625,0.02227783203125,0.0318145751953125,0.0568389892578125,0.1020050048828125,0.205535888671875,0.2227935791015625,0.1669921875,0.129486083984375,0.03955078125,1.52587890625e-05,0.0,0.0,0.0239410400390625,0.0254364013671875,0.0489044189453125,0.30133056640625,0.2410888671875,0.15155029296875,0.121490478515625,0.07550048828125,0.0105743408203125,0.00018310546875,0.0,0.0,0.0,0.0,0.0,0.0,0.014628538861870766,1.0,0.6739974617958069,0.5065165758132935,0.46143701672554016,1,all,pca,1.3767773272347263,0.8233593890555985,1.3767773272347263,0.8233593890555985,,
image_115.png,0.6745098233222961,0.11913522332906723,0.35514020919799805,0.1430680900812149,31.913156509399414,12.89975058652012,0.7606858015060425,0.30391672253608704,39.34157180786133,0.7287837862968445,0.3290750980377197,36.00823211669922,0.7517062425613403,0.27018940448760986,31.47938346862793,0.6347540020942688,0.3710915744304657,28.6346492767334,0.6282540559768677,0.43072643876075745,26.830862045288086,0.6283471584320068,0.28805649280548096,21.747272491455078,0.7536941766738892,0.2648426592350006,39.237754821777344,0.6636466383934021,0.48072102665901184,31.330875396728516,0.7534615397453308,0.22690480947494507,32.584110260009766,3.722345099266599,2.170907535732268,0.18613987227974457,0.3252560579565326,0.1433924556582563,0.5313514863852111,172.0,0.0,0.0,0.0,9.1552734375e-05,0.0007781982421875,0.00244140625,0.0062103271484375,0.0182342529296875,0.0810699462890625,0.187286376953125,0.2347869873046875,0.1070404052734375,0.0738525390625,0.238525390625,0.0472869873046875,0.0023956298828125,0.0061187744140625,0.0844268798828125,0.1531829833984375,0.0871429443359375,0.0807342529296875,0.1380157470703125,0.2149810791015625,0.11724853515625,0.0759429931640625,0.0378570556640625,0.003692626953125,0.0006561279296875,0.0,0.0,0.0,0.0,0.010540642775595188,1.0,0.8075727820396423,0.6944878101348877,0.5933958888053894,1,all,pca,2.220517931708204,5.130718553697436,2.220517931708204,5.130718553697436,,
image_116.png,0.7372549176216125,0.08869022130966187,0.42690062522888184,0.10516290366649628,31.098867416381836,6.231049423148135,0.6876075863838196,0.2630292773246765,34.208961486816406,0.7452120780944824,0.3490466773509979,33.745243072509766,0.7552627325057983,0.4536396265029907,33.72557067871094,0.7228796482086182,0.39598584175109863,29.43006134033203,0.7229318618774414,0.4495481550693512,28.510263442993164,0.7459510564804077,0.46200883388519287,34.977256774902344,0.6851707696914673,0.5019903779029846,22.645389556884766,0.6602516174316406,0.44349509477615356,28.555112838745117,0.708336591720581,0.4697360396385193,34.063621520996094,3.285719968882261,1.35793515005927,0.18331886663773328,0.2204278346157098,0.2816436966263634,0.4979284687579268,63.0,0.0,0.0,0.000213623046875,0.0008544921875,0.0014495849609375,0.0034332275390625,0.0074615478515625,0.015869140625,0.039886474609375,0.0641326904296875,0.1651153564453125,0.265777587890625,0.373016357421875,0.062286376953125,0.0004425048828125,6.103515625e-05,0.00042724609375,0.0015869140625,0.00384521484375,0.0435638427734375,0.1381988525390625,0.163116455078125,0.1771392822265625,0.1821746826171875,0.2117767333984375,0.075042724609375,0.002899169921875,0.000213623046875,1.52587890625e-05,0.0,0.0,0.0,0.009005716070532799,1.0,0.8303501605987549,0.7160575985908508,0.5992724895477295,1,all,pca,0.7709143702719259,7.197165998617284,0.7709143702719259,7.197165998617284,,
image_117.png,0.7470588684082031,0.12311360239982605,0.13513512909412384,0.17953303456306458,253.9989776611328,97.64595201100443,0.7708621025085449,0.13062219321727753,222.66403198242188,0.6917115449905396,0.3739514648914337,3.8570845127105713,0.7292349934577942,0.1278027594089508,237.06171417236328,0.7462932467460632,0.1975686252117157,228.66879272460938,0.6351144909858704,0.321795791387558,2.183673143386841,0.7499291896820068,0.09919959306716919,228.12548828125,0.6733156442642212,0.2883532643318176,21.792394638061523,0.637393057346344,0.28741174936294556,20.29718017578125,0.6370735764503479,0.19466887414455414,2.5476157665252686,3.4803156266700945,2.489411995245741,0.13826027652055303,0.34820627802690585,0.3114349775784753,0.34035874439461883,90.0,0.0,0.0,0.000579833984375,0.000213623046875,0.0002899169921875,0.0013580322265625,0.0186920166015625,0.1060028076171875,0.082183837890625,0.0478668212890625,0.0523681640625,0.212158203125,0.400482177734375,0.0556793212890625,0.0217132568359375,0.0004119873046875,0.088409423828125,0.2435302734375,0.324432373046875,0.03729248046875,0.0162506103515625,0.054412841796875,0.0953369140625,0.0335693359375,0.040435791015625,0.0287628173828125,0.015960693359375,0.010528564453125,0.0056304931640625,0.0035400390625,0.0014495849609375,0.000457763671875,0.007437614258378744,1.0,0.7316404581069946,0.6826726794242859,0.6617062091827393,1,all,pca,5.422961390625321,3.516497093687763,5.422961390625321,3.516497093687763,,
image_118.png,0.4843137264251709,0.17500491440296173,0.761904776096344,0.24917107820510864,202.70559692382812,67.74391928251164,0.522198498249054,0.79353928565979,199.34353637695312,0.5086429119110107,0.8277676105499268,199.9709014892578,0.5186486840248108,0.8259369134902954,201.76258850097656,0.5124038457870483,0.7366553544998169,201.98013305664062,0.6415876150131226,0.5709624886512756,15.550814628601074,0.4725305140018463,0.6171786785125732,204.94813537597656,0.7667616009712219,0.5343064069747925,21.78628921508789,0.41580942273139954,0.5046136379241943,222.70761108398438,0.4467449188232422,0.7537481188774109,201.65548706054688,4.271059405819743,2.0907302537661416,0.5076105152210304,0.14785184280436045,0.2717029527619164,0.5804452044337232,45.0,0.0,0.0,0.000885009765625,0.0175933837890625,0.0548095703125,0.0520172119140625,0.2263641357421875,0.1892852783203125,0.1218414306640625,0.0703887939453125,0.0510101318359375,0.0593414306640625,0.0438079833984375,0.0555419921875,0.0535888671875,0.0035247802734375,0.0188751220703125,0.01385498046875,0.0187835693359375,0.0210723876953125,0.0215301513671875,0.0331573486328125,0.0690765380859375,0.059844970703125,0.0428466796875,0.0403289794921875,0.0511322021484375,0.0865936279296875,0.1360931396484375,0.1275634765625,0.1085662841796875,0.1506805419921875,0.02473784238100052,1.0,0.32418256998062134,0.5907713770866394,0.7433273792266846,2,all,pca,-6.576801190342066,4.988553530819854,-6.576801190342066,4.988553530819854,,
image_119.png,0.11568628251552582,0.17371119558811188,0.21588408946990967,0.19344587624073029,205.80047607421875,48.88255243471496,0.18809662759304047,0.27349820733070374,201.41612243652344,0.28181397914886475,0.2551569640636444,255.16387939453125,0.07328237593173981,0.5299051403999329,205.19351196289062,0.10092653334140778,0.23333173990249634,205.0688018798828,0.20576512813568115,0.2360428273677826,295.02339935302734,0.043561872094869614,0.34459057450294495,206.26856994628906,0.2260972112417221,0.14943617582321167,203.18287658691406,0.2647930681705475,0.19782443344593048,203.4219207763672,0.11794424802064896,0.24082475900650024,205.0386962890625,3.800225124057002,2.696551905137655,0.1939518879037758,0.21713418045232957,0.4183649005034764,0.364500919044194,94.0,0.3408050537109375,0.1937408447265625,0.1364288330078125,0.1076202392578125,0.081024169921875,0.0387420654296875,0.0279388427734375,0.0189208984375,0.0104522705078125,0.0106353759765625,0.0110931396484375,0.0067291259765625,0.0046539306640625,0.0020294189453125,0.001708984375,0.007476806640625,0.0174560546875,0.1920928955078125,0.2203216552734375,0.1481781005859375,0.111236572265625,0.0850982666015625,0.0752105712890625,0.035919189453125,0.0265350341796875,0.0066070556640625,0.0204315185546875,0.01318359375,0.0319366455078125,0.003448486328125,0.0022125244140625,0.0101318359375,0.011064209043979645,1.0,0.16003435850143433,0.16718019545078278,0.1713203638792038,0,all,pca,-2.637507331723894,-7.6091173525542635,-2.637507331723894,-7.6091173525542635,,
image_120.png,0.43529415130615234,0.14792272448539734,0.37931036949157715,0.11990394443273544,24.78348159790039,5.142922307722277,0.483036607503891,0.32924777269363403,26.75436782836914,0.3145996332168579,0.3849378824234009,21.139862060546875,0.4741431474685669,0.24408245086669922,28.314502716064453,0.5419499278068542,0.36454036831855774,24.917940139770508,0.4736275374889374,0.34402546286582947,22.041622161865234,0.42835304141044617,0.3456190824508667,24.854496002197266,0.4788602888584137,0.4519520103931427,25.22480010986328,0.36948341131210327,0.4153435230255127,24.551353454589844,0.32821136713027954,0.45627865195274353,25.2397518157959,4.258657825815505,1.0826105847385132,0.3941502883005766,0.29918596877580717,0.17539030241063353,0.5254237288135594,2.0,0.00238037109375,0.0125732421875,0.04559326171875,0.05718994140625,0.0996856689453125,0.1338958740234375,0.1552734375,0.1650543212890625,0.1128997802734375,0.102294921875,0.081878662109375,0.026275634765625,0.00469970703125,0.000274658203125,3.0517578125e-05,0.0,3.0517578125e-05,0.0841217041015625,0.0177154541015625,0.0169830322265625,0.1254425048828125,0.236236572265625,0.2432098388671875,0.1621246337890625,0.073883056640625,0.0273895263671875,0.0087890625,0.002716064453125,0.00091552734375,0.0002899169921875,0.0001373291015625,1.52587890625e-05,0.017789162695407867,1.0,0.5614749789237976,0.40717199444770813,0.30298516154289246,0,all,pca,-3.0543924126563593,-0.9470542620474101,-3.0543924126563593,-0.9470542620474101,,
image_121.png,0.5598039627075195,0.18599499762058258,0.4545454680919647,0.15813642740249634,16.198307037353516,8.182464344548796,0.3178025782108307,0.3153267204761505,13.025822639465332,0.46171924471855164,0.3633372187614441,14.080976486206055,0.5773935914039612,0.5497344732284546,26.351381301879883,0.3960857689380646,0.37888336181640625,17.17220115661621,0.6075991988182068,0.5314078330993652,12.695735931396484,0.6321331858634949,0.5471693873405457,22.219593048095703,0.5442724227905273,0.4575411081314087,13.195584297180176,0.6626012921333313,0.6555017232894897,12.897616386413574,0.6021143198013306,0.5170311331748962,14.283294677734375,4.3613544765760155,1.2629754001561175,0.23457746915493832,0.28307123034227566,0.20833883969869169,0.5085899299590326,178.0,0.0316314697265625,0.0166473388671875,0.0150909423828125,0.0229339599609375,0.033355712890625,0.05059814453125,0.07769775390625,0.092926025390625,0.1644134521484375,0.1757049560546875,0.1421661376953125,0.075897216796875,0.0241546630859375,0.0767822265625,0.0,0.0,0.000244140625,0.0032501220703125,0.0117034912109375,0.044708251953125,0.0723419189453125,0.1321868896484375,0.1908111572265625,0.1412506103515625,0.1072235107421875,0.094024658203125,0.076934814453125,0.066680908203125,0.0398712158203125,0.013397216796875,0.0037384033203125,0.0016326904296875,0.013923611491918564,1.0,0.6956698298454285,0.45446091890335083,0.3725053071975708,2,all,pca,-3.977353177150271,3.5459090139814453,-3.977353177150271,3.5459090139814453,,
image_122.png,0.813725471496582,0.13597288727760315,0.27272728085517883,0.19378724694252014,23.920961380004883,20.899268366821506,0.8630631566047668,0.256343811750412,39.377193450927734,0.7466484904289246,0.4052679240703583,9.137175559997559,0.8762425184249878,0.13856886327266693,43.004085540771484,0.8636121153831482,0.4497774839401245,19.209421157836914,0.7751134037971497,0.6037442684173584,358.9727780818939,0.7435970306396484,0.3173731863498688,14.650703430175781,0.8756019473075867,0.2934785485267639,35.92387008666992,0.6359915137290955,0.3510984778404236,21.4544677734375,0.7675900459289551,0.17681650817394257,32.090110778808594,3.7373603531215203,2.5955116468610875,0.21314092628185258,0.582212202748891,0.09344774925459967,0.32434004799650934,179.0,0.0,0.0,7.62939453125e-05,0.0009002685546875,0.0010528564453125,0.0042266845703125,0.0086517333984375,0.018218994140625,0.0180816650390625,0.0664825439453125,0.1139678955078125,0.1185760498046875,0.1463470458984375,0.117584228515625,0.226898193359375,0.158935546875,0.001220703125,0.101531982421875,0.22650146484375,0.1335296630859375,0.0879669189453125,0.0670928955078125,0.07269287109375,0.08099365234375,0.0847015380859375,0.0499725341796875,0.037933349609375,0.028106689453125,0.016357421875,0.0074310302734375,0.0032501220703125,0.0007171630859375,0.010271890088915825,1.0,0.8611109852790833,0.7538245916366577,0.729006826877594,1,all,pca,3.5980640783699362,6.677729893236517,3.5980640783699362,6.677729893236517,,
image_123.png,0.6666666865348816,0.1471601128578186,0.5778894424438477,0.1419144719839096,25.10865592956543,19.323694416595178,0.6751636266708374,0.6814066171646118,24.1997013092041,0.7014036178588867,0.6830742955207825,30.79269027709961,0.6438730359077454,0.5920974612236023,29.781147003173828,0.5663749575614929,0.5835002064704895,15.59648323059082,0.656792163848877,0.5853281617164612,25.050495147705078,0.6210949420928955,0.510198175907135,26.14072608947754,0.5895684361457825,0.4776135981082916,22.496816635131836,0.5695663094520569,0.5009830594062805,13.319451332092285,0.7028822898864746,0.49129194021224976,40.171775817871094,3.9140069151049426,2.575205087947425,0.22248744497488995,0.37195206910965584,0.19848125957921137,0.4295666713111328,177.0,0.0001068115234375,0.0113983154296875,0.018280029296875,0.0070037841796875,0.006103515625,0.0128631591796875,0.02508544921875,0.0440216064453125,0.0805816650390625,0.1561126708984375,0.2297210693359375,0.3029327392578125,0.0267791748046875,0.04412841796875,0.0247802734375,0.010101318359375,0.001617431640625,0.0024566650390625,0.00408935546875,0.0088043212890625,0.0184478759765625,0.05865478515625,0.104827880859375,0.1176910400390625,0.1469573974609375,0.1407623291015625,0.182159423828125,0.1439971923828125,0.049652099609375,0.0100250244140625,0.0068359375,0.003021240234375,0.01330508477985859,1.0,0.8138014078140259,0.5979666709899902,0.4610733091831207,2,all,pca,-4.127139998030734,7.668176331041976,-4.127139998030734,7.668176331041976,,
image_124.png,0.8352941274642944,0.21832458674907684,0.12280704826116562,0.17293494939804077,7.2935028076171875,63.00678494742234,0.4616183340549469,0.35524383187294006,16.1926326751709,0.7269065380096436,0.22472350299358368,2.8817930221557617,0.49651917815208435,0.3788938820362091,14.40703010559082,0.7380337715148926,0.18723994493484497,214.28884887695312,0.6679891347885132,0.25089430809020996,9.614076614379883,0.7325747609138489,0.1928323209285736,4.0685811042785645,0.8211118578910828,0.06327002495527267,239.90415954589844,0.7822319865226746,0.1358552873134613,15.333850860595703,0.8315061926841736,0.10113213211297989,16.380250930786133,3.748670540940956,2.6734786605369227,0.14546779093558188,0.3987213638785296,0.056046883324453914,0.5452317527970165,0.0,0.0,0.015960693359375,0.02691650390625,0.0195465087890625,0.011260986328125,0.01251220703125,0.029815673828125,0.066619873046875,0.07879638671875,0.0968475341796875,0.10943603515625,0.00775146484375,0.0084075927734375,0.249725341796875,0.2663421630859375,6.103515625e-05,0.257415771484375,0.2462158203125,0.0400390625,0.0191497802734375,0.08074951171875,0.1500244140625,0.1251068115234375,0.02490234375,0.0214080810546875,0.02105712890625,0.0118255615234375,0.0016937255859375,0.0003509521484375,6.103515625e-05,0.0,0.0,0.010174437426030636,1.0,0.7578377723693848,0.6660078167915344,0.6339115500450134,1,all,pca,4.609877032992336,3.3458533903985335,4.609877032992336,3.3458533903985335,,
image_125.png,0.40980392694473267,0.20192618668079376,0.6024096608161926,0.15735585987567902,20.92938232421875,7.560562552692577,0.46820712089538574,0.6837174892425537,25.725996017456055,0.5387594699859619,0.70564866065979,22.78309440612793,0.44274404644966125,0.6688025593757629,22.700368881225586,0.3645617961883545,0.6100903153419495,21.489566802978516,0.5546715259552002,0.6155760884284973,20.7758846282959,0.4122942090034485,0.5590339303016663,20.348716735839844,0.44351521134376526,0.5999834537506104,17.869121551513672,0.515413761138916,0.5167246460914612,18.248489379882812,0.3696412444114685,0.6265028715133667,18.387426376342773,4.4883306680326625,1.2481210944629395,0.2290284580569161,0.31957227937195454,0.20418245804006496,0.4762452625879805,12.0,0.0003204345703125,0.003875732421875,0.0518798828125,0.087677001953125,0.1779937744140625,0.123748779296875,0.087677001953125,0.0689544677734375,0.0797882080078125,0.09051513671875,0.050811767578125,0.0478057861328125,0.0742950439453125,0.052581787109375,0.0020751953125,0.0,0.0004425048828125,0.0031585693359375,0.0025787353515625,0.0018463134765625,0.0017242431640625,0.0037689208984375,0.0648956298828125,0.1553192138671875,0.1578369140625,0.17535400390625,0.1670074462890625,0.0873565673828125,0.0439605712890625,0.0340728759765625,0.040802001953125,0.05987548828125,0.012642238289117813,1.0,0.6416386365890503,0.40302085876464844,0.2714863419532776,2,all,pca,-8.298037287387865,3.3149000395507127,-8.298037287387865,3.3149000395507127,,
image_126.png,0.4647058844566345,0.15115444362163544,0.1713147610425949,0.12129698693752289,37.9878044128418,123.07413037385957,0.5759028196334839,0.3171260356903076,209.7170867919922,0.6558176279067993,0.30126655101776123,208.1804656982422,0.6189082860946655,0.29836374521255493,202.2955780029297,0.41475892066955566,0.12252753973007202,223.0042724609375,0.480125367641449,0.08144631236791611,296.3261184692383,0.5378415584564209,0.20358051359653473,38.719417572021484,0.31688958406448364,0.11527777463197708,40.213409423828125,0.355581134557724,0.13547787070274353,36.32952880859375,0.49379369616508484,0.1931750774383545,40.99311447143555,4.055876683307358,3.321803368610911,0.18231136462272923,0.11987757184152355,0.409964291787111,0.4701581363713654,92.0,0.0,0.0004119873046875,0.002471923828125,0.0070343017578125,0.076751708984375,0.17822265625,0.177093505859375,0.1255645751953125,0.1200714111328125,0.0838470458984375,0.0441436767578125,0.12548828125,0.05535888671875,0.0020904541015625,0.0013885498046875,6.103515625e-05,0.122955322265625,0.189239501953125,0.261810302734375,0.1367034912109375,0.1178741455078125,0.0681915283203125,0.0428619384765625,0.045867919921875,0.0135040283203125,0.00048828125,0.00018310546875,0.00018310546875,9.1552734375e-05,4.57763671875e-05,0.0,0.0,0.014469495043158531,1.0,0.48834097385406494,0.5002449750900269,0.5002590417861938,0,all,pca,2.6794021222350217,-2.7062266485124833,2.6794021222350217,-2.7062266485124833,,
image_127.png,0.3333333432674408,0.13425256311893463,0.2567567527294159,0.21181532740592957,17.090999603271484,27.86779930456792,0.4417816698551178,0.4366360306739807,17.11800193786621,0.5159492492675781,0.49025046825408936,24.258983612060547,0.451156347990036,0.4031338691711426,13.691131591796875,0.3462112843990326,0.2378995418548584,18.01529312133789,0.4061276614665985,0.36286675930023193,15.144232749938965,0.373261958360672,0.27965718507766724,15.644564628601074,0.24285589158535004,0.20949821174144745,15.164596557617188,0.20936885476112366,0.20398695766925812,16.833093643188477,0.21067139506340027,0.23451939225196838,16.643632888793945,4.006045949429135,2.2315431865879285,0.2879440758881518,0.06831027614792486,0.6070947946385316,0.3245949292135436,93.0,0.0004425048828125,0.004974365234375,0.09136962890625,0.1662750244140625,0.1728668212890625,0.1769256591796875,0.0935211181640625,0.1083831787109375,0.099945068359375,0.0676422119140625,0.0162200927734375,0.0008544921875,0.0001678466796875,0.0001678466796875,0.0001678466796875,7.62939453125e-05,0.04248046875,0.093505859375,0.146392822265625,0.194915771484375,0.1527557373046875,0.0922088623046875,0.0589447021484375,0.044708251953125,0.0395355224609375,0.035003662109375,0.024993896484375,0.0153350830078125,0.0115509033203125,0.012908935546875,0.0154571533203125,0.0193023681640625,0.017630569636821747,1.0,0.46623313426971436,0.3295157253742218,0.2439170926809311,0,all,pca,-3.0566088951023938,-4.0274166562297875,-3.0566088951023938,-4.0274166562297875,,
image_128.png,0.4235294461250305,0.2375124990940094,0.3333333134651184,0.20616886019706726,42.777183532714844,87.7844892935532,0.2960458993911743,0.5271815061569214,36.26591491699219,0.5587380528450012,0.3482922613620758,212.93194580078125,0.6395654678344727,0.2825266122817993,214.64398193359375,0.15896737575531006,0.44647592306137085,31.361467361450195,0.5099518299102783,0.3185989260673523,37.15752410888672,0.5830752849578857,0.21078146994113922,200.4533233642578,0.2941960096359253,0.4916858375072479,40.58973693847656,0.36124032735824585,0.3724430501461029,39.645851135253906,0.33441027998924255,0.29995137453079224,46.452964782714844,4.699889352054296,2.966799311465919,0.5115475230950461,0.175196194285368,0.34254461715601614,0.4822591885586159,93.0,0.076263427734375,0.0711517333984375,0.0818939208984375,0.0706329345703125,0.07843017578125,0.0716552734375,0.064453125,0.0569305419921875,0.0691986083984375,0.127716064453125,0.08489990234375,0.072479248046875,0.0635528564453125,0.0106201171875,0.0001220703125,0.0,0.0799560546875,0.0449066162109375,0.0507049560546875,0.0709991455078125,0.177001953125,0.15631103515625,0.1004638671875,0.088531494140625,0.066436767578125,0.050201416015625,0.036895751953125,0.027191162109375,0.020477294921875,0.012542724609375,0.0060882568359375,0.01129150390625,0.03265763074159622,1.0,0.4515130817890167,0.4323160946369171,0.3784523606300354,0,all,pca,-2.5801518097360656,-1.545878413423579,-2.5801518097360656,-1.545878413423579,,
image_129.png,0.38823530077934265,0.2722310423851013,0.2795698642730713,0.23586194217205048,22.166851043701172,29.848065713081283,0.4282708764076233,0.31711459159851074,27.25872039794922,0.4859597086906433,0.416583776473999,26.848373413085938,0.7339942455291748,0.1979420781135559,17.015880584716797,0.42027437686920166,0.2933039367198944,27.8708438873291,0.3971259891986847,0.35125240683555603,27.654443740844727,0.6204085350036621,0.3129962980747223,38.505428314208984,0.1798717975616455,0.4940600097179413,13.785440444946289,0.20806041359901428,0.5033170580863953,10.576484680175781,0.2652719020843506,0.3872961699962616,8.724907875061035,4.738182998282967,2.996822319841238,0.46521793043586085,0.31918438062237625,0.31205437462517494,0.36876124475244887,179.0,0.0376434326171875,0.1302032470703125,0.0811614990234375,0.0812530517578125,0.0771026611328125,0.0795135498046875,0.089691162109375,0.1083526611328125,0.068511962890625,0.04217529296875,0.037322998046875,0.020233154296875,0.0207366943359375,0.01904296875,0.0362701416015625,0.0707855224609375,0.0563812255859375,0.0612030029296875,0.091583251953125,0.2271881103515625,0.109130859375,0.065673828125,0.0584259033203125,0.0560760498046875,0.0512237548828125,0.0456085205078125,0.0494384765625,0.0431060791015625,0.039703369140625,0.019287109375,0.008270263671875,0.0177001953125,0.026540469378232956,1.0,0.48832738399505615,0.3966005742549896,0.3409649729728699,0,all,pca,-3.264314645789279,-1.9206250592690144,-3.264314645789279,-1.9206250592690144,,
image_130.png,0.6235294342041016,0.29754239320755005,0.15555554628372192,0.1942119002342224,200.819580078125,63.62202925439234,0.6872605085372925,0.34549155831336975,212.80853271484375,0.7244849801063538,0.38554903864860535,209.38035583496094,0.7806150913238525,0.4319339394569397,210.1971893310547,0.5457897782325745,0.1399482786655426,213.72640991210938,0.6660945415496826,0.12177577614784241,234.94744110107422,0.48818057775497437,0.17861415445804596,214.43553161621094,0.40463078022003174,0.06217852979898453,164.2996063232422,0.3182436227798462,0.07307453453540802,107.01969146728516,0.3305467367172241,0.08721676468849182,171.66348266601562,4.847627286845519,3.5377291534095785,0.6302312604625209,0.15356615838662077,0.3332021642892277,0.5132316773241515,86.0,0.0468292236328125,0.08660888671875,0.0697479248046875,0.0411376953125,0.0328216552734375,0.0319366455078125,0.0292816162109375,0.0321502685546875,0.0531463623046875,0.077545166015625,0.1084136962890625,0.114898681640625,0.066070556640625,0.063232421875,0.0487823486328125,0.0973968505859375,0.3265533447265625,0.1292877197265625,0.10321044921875,0.09613037109375,0.0496826171875,0.099517822265625,0.0984954833984375,0.0467071533203125,0.013519287109375,0.0080108642578125,0.00555419921875,0.0036773681640625,0.0030364990234375,0.0018157958984375,0.0010833740234375,0.0137176513671875,0.05282770097255707,1.0,0.5075980424880981,0.5483173727989197,0.5882660150527954,1,all,pca,3.2678696970045356,-1.0430767052991061,3.2678696970045356,-1.0430767052991061,,
image_131.png,0.3137255012989044,0.22354057431221008,0.2972973585128784,0.17910261452198029,67.87952423095703,43.3165135455302,0.2546403706073761,0.3512744605541229,60.31792449951172,0.21240763366222382,0.2978730797767639,68.73117065429688,0.437382310628891,0.45099031925201416,164.11892700195312,0.25046423077583313,0.29004669189453125,86.3615493774414,0.3331558406352997,0.2808743417263031,72.55038452148438,0.4061645567417145,0.2760487496852875,59.5543212890625,0.3180410861968994,0.4053446352481842,71.97241973876953,0.5047912001609802,0.3211512565612793,53.228458404541016,0.5481013059616089,0.2428194284439087,42.72879409790039,4.628698112256053,3.6585690470952614,0.792020584041168,0.21081059924067477,0.23811108066851933,0.5510783200908059,45.0,0.022613525390625,0.1127777099609375,0.113250732421875,0.11572265625,0.13330078125,0.1212921142578125,0.0790252685546875,0.0480804443359375,0.0422515869140625,0.032318115234375,0.0606842041015625,0.0398406982421875,0.035186767578125,0.0265960693359375,0.014068603515625,0.00299072265625,0.02227783203125,0.09100341796875,0.12664794921875,0.1478729248046875,0.143157958984375,0.1241912841796875,0.1167144775390625,0.0885009765625,0.0542144775390625,0.0277252197265625,0.011993408203125,0.00604248046875,0.0145263671875,0.013397216796875,0.0087890625,0.0029449462890625,0.05134925618767738,1.0,0.396406888961792,0.4091750681400299,0.30380773544311523,0,all,pca,-2.9542283212504947,-4.060218368449101,-2.9542283212504947,-4.060218368449101,,
image_132.png,0.6117647290229797,0.19648008048534393,0.36000001430511475,0.185281440615654,33.538944244384766,66.46551304417098,0.747063934803009,0.2883116602897644,249.5868682861328,0.6339640617370605,0.290404349565506,191.04652404785156,0.624089241027832,0.3806787431240082,290.2860794067383,0.45854535698890686,0.41505372524261475,34.5360107421875,0.41555193066596985,0.39708706736564636,57.83150100708008,0.4940374493598938,0.42807838320732117,36.50343322753906,0.5555004477500916,0.4115813374519348,36.17850875854492,0.657401442527771,0.39484772086143494,28.35184097290039,0.6469315886497498,0.445290207862854,28.189682006835938,4.529461586407126,3.7531043984709394,0.58250666501333,0.30007184481519916,0.24669380804129745,0.45323434714350336,179.0,4.57763671875e-05,0.0023040771484375,0.020294189453125,0.0410614013671875,0.0532379150390625,0.0706634521484375,0.0782318115234375,0.075958251953125,0.0784454345703125,0.1010589599609375,0.09747314453125,0.13812255859375,0.1673431396484375,0.04119873046875,0.020233154296875,0.0143280029296875,0.012603759765625,0.0396270751953125,0.0579986572265625,0.1006622314453125,0.12738037109375,0.222259521484375,0.177886962890625,0.075653076171875,0.0455169677734375,0.0327911376953125,0.024993896484375,0.019256591796875,0.0178985595703125,0.0157928466796875,0.016143798828125,0.0135345458984375,0.03505570441484451,1.0,0.6639344692230225,0.5736581087112427,0.493215411901474,1,all,pca,-0.35780767276118103,1.8577390060912353,-0.35780767276118103,1.8577390060912353,,
image_133.png,0.386274516582489,0.16261915862560272,0.4705882668495178,0.20456434786319733,23.873592376708984,22.99701770477332,0.41008809208869934,0.17186188697814941,30.673965454101562,0.37108922004699707,0.4115258455276489,28.77444076538086,0.36842817068099976,0.46824315190315247,20.83099365234375,0.24291552603244781,0.2228386104106903,26.974014282226562,0.3984748125076294,0.5288483500480652,28.77106475830078,0.32915133237838745,0.5918523073196411,18.68083381652832,0.3026721477508545,0.47297728061676025,17.793092727661133,0.5783219337463379,0.6159027218818665,23.74172019958496,0.6035462021827698,0.678869366645813,22.731149673461914,4.358264915515312,2.193270842338919,0.32185814371628746,0.31625331085961955,0.3386467613773176,0.34509992776306286,179.0,0.0132293701171875,0.0291748046875,0.0601806640625,0.0783843994140625,0.099822998046875,0.188873291015625,0.1502532958984375,0.0994720458984375,0.0854949951171875,0.08978271484375,0.076995849609375,0.016510009765625,0.006927490234375,0.0043182373046875,0.00054931640625,3.0517578125e-05,0.0373382568359375,0.0497283935546875,0.041839599609375,0.0431671142578125,0.048919677734375,0.0501556396484375,0.0838165283203125,0.2199249267578125,0.1278076171875,0.0892486572265625,0.0747528076171875,0.055389404296875,0.03912353515625,0.0220794677734375,0.010498046875,0.0062103271484375,0.01581437885761261,1.0,0.5588293075561523,0.3642430305480957,0.24312369525432587,2,all,pca,-5.94314522036208,-0.22736141486698627,-5.94314522036208,-0.22736141486698627,,
image_134.png,0.656862735748291,0.3071686923503876,0.39325836300849915,0.19811084866523743,195.36648559570312,55.78016496226308,0.8175637722015381,0.5569416880607605,212.283447265625,0.6689292192459106,0.4130478501319885,210.35702514648438,0.5747029185295105,0.3123473823070526,210.93954467773438,0.8409550786018372,0.6362066864967346,210.04940795898438,0.5163799524307251,0.2922988533973694,191.91873168945312,0.2579837143421173,0.24107469618320465,197.47842407226562,0.41245409846305847,0.258302241563797,175.1358642578125,0.23406612873077393,0.27228882908821106,112.99724578857422,0.32640618085861206,0.33541515469551086,139.1397705078125,4.54345759124124,3.0819882342531444,0.4016213032426065,0.2378912431013855,0.2549882289375169,0.5071205279610976,71.0,0.07403564453125,0.1289825439453125,0.057952880859375,0.047882080078125,0.0362396240234375,0.026763916015625,0.02435302734375,0.0211944580078125,0.0200653076171875,0.0265960693359375,0.0785675048828125,0.1440582275390625,0.118743896484375,0.136993408203125,0.053314208984375,0.0042572021484375,0.065155029296875,0.0897369384765625,0.0784149169921875,0.07733154296875,0.0771331787109375,0.0845794677734375,0.11151123046875,0.15802001953125,0.0986480712890625,0.0653228759765625,0.04461669921875,0.026702880859375,0.0133209228515625,0.0059051513671875,0.001922607421875,0.001678466796875,0.03118833526968956,1.0,0.4569830000400543,0.5212964415550232,0.569553017616272,0,all,pca,-0.2520649688550221,1.085479020874734,-0.2520649688550221,1.085479020874734,,
image_135.png,0.5333333611488342,0.12465987354516983,0.3271028399467468,0.14209383726119995,47.8197135925293,25.90834977079962,0.6131181120872498,0.3919137716293335,37.36860656738281,0.6334658265113831,0.43489906191825867,36.37516403198242,0.6241568326950073,0.4504564106464386,34.86144256591797,0.4990083575248718,0.36463072896003723,35.04387283325195,0.5324711203575134,0.35640496015548706,37.91742706298828,0.48879751563072205,0.34931614995002747,38.469146728515625,0.47375771403312683,0.2244962602853775,53.32299041748047,0.49354124069213867,0.176665797829628,81.94642639160156,0.5001739263534546,0.1721208542585373,83.3983154296875,3.961723400324711,2.6092291673272356,0.4854764709529419,0.31707161329459466,0.37923437948979916,0.30369400721560613,0.0,0.000335693359375,0.0016021728515625,0.00390625,0.013092041015625,0.0225982666015625,0.037841796875,0.0711517333984375,0.2375946044921875,0.1807861328125,0.2116241455078125,0.13262939453125,0.0401458740234375,0.022491455078125,0.0122222900390625,0.007049560546875,0.0049285888671875,0.00103759765625,0.0167388916015625,0.233367919921875,0.1113128662109375,0.114990234375,0.1098785400390625,0.2017974853515625,0.1242828369140625,0.0519866943359375,0.015167236328125,0.006683349609375,0.0039215087890625,0.002593994140625,0.0021820068359375,0.002166748046875,0.00189208984375,0.023902704939246178,1.0,0.6494038105010986,0.575178861618042,0.41594988107681274,0,all,pca,0.46632734888792854,0.4544727176658177,0.46632734888792854,0.4544727176658177,,
image_136.png,0.5509804487228394,0.2524564862251282,0.0875575989484787,0.09713783860206604,73.8328628540039,88.3743561528445,0.5938673615455627,0.14291471242904663,349.748571395874,0.5947665572166443,0.10136637836694717,112.21142578125,0.5432928204536438,0.07799488306045532,111.52708435058594,0.25897687673568726,0.07761648297309875,314.9952583312988,0.5550422668457031,0.08832670003175735,127.26331329345703,0.4049532115459442,0.05903658643364906,121.17418670654297,0.43584054708480835,0.16368907690048218,13.983962059020996,0.5123204588890076,0.08627944439649582,51.62004470825195,0.5018905997276306,0.12539801001548767,48.255821228027344,4.645231859701178,4.066041577286818,0.3563457126914254,0.4302740321879078,0.27498912570682904,0.29473684210526313,179.0,0.0135345458984375,0.0893096923828125,0.09893798828125,0.05975341796875,0.0328216552734375,0.03436279296875,0.03619384765625,0.0476837158203125,0.107818603515625,0.20526123046875,0.073883056640625,0.03289794921875,0.04931640625,0.0598297119140625,0.0428314208984375,0.01556396484375,0.342193603515625,0.45123291015625,0.0722808837890625,0.041961669921875,0.0406494140625,0.0256500244140625,0.0139923095703125,0.0060577392578125,0.0022430419921875,0.00177001953125,0.001068115234375,0.0005950927734375,0.00018310546875,9.1552734375e-05,3.0517578125e-05,0.0,0.023663736879825592,1.0,0.48352015018463135,0.4976924657821655,0.47131574153900146,0,all,pca,4.164987226752263,-3.4652940978455447,4.164987226752263,-3.4652940978455447,,
image_137.png,0.4882352948188782,0.23619630932807922,0.20000000298023224,0.20811164379119873,156.65184020996094,116.66585939075802,0.6604822874069214,0.16642892360687256,36.705692291259766,0.6397647261619568,0.27093225717544556,76.96329498291016,0.7251130938529968,0.392650306224823,54.70872497558594,0.43387991189956665,0.1953808069229126,228.85829162597656,0.417158842086792,0.2721080780029297,130.08120727539062,0.4813731014728546,0.31279146671295166,85.47178649902344,0.42107266187667847,0.08496701717376709,228.3561553955078,0.29897186160087585,0.3933175504207611,219.181640625,0.3794761896133423,0.38564130663871765,174.78759765625,4.659046807392345,3.728007709801872,0.4249953499907,0.2781647762500456,0.2532915131842883,0.4685437105656661,0.0,0.023223876953125,0.04559326171875,0.069000244140625,0.0652618408203125,0.051422119140625,0.0554962158203125,0.1076202392578125,0.099945068359375,0.0700531005859375,0.046173095703125,0.0575103759765625,0.1207275390625,0.1198272705078125,0.067596435546875,0.00054931640625,0.0,0.056610107421875,0.2442169189453125,0.172332763671875,0.101593017578125,0.0879058837890625,0.064178466796875,0.0524749755859375,0.04888916015625,0.0561981201171875,0.0353851318359375,0.02130126953125,0.018890380859375,0.0192108154296875,0.0153961181640625,0.004638671875,0.0007781982421875,0.030268391594290733,1.0,0.48167863488197327,0.5078446865081787,0.5021166801452637,0,all,pca,0.8595387666787518,-1.405735001764484,0.8595387666787518,-1.405735001764484,,
image_138.png,0.3686274588108063,0.24618209898471832,0.1411764770746231,0.13080133497714996,91.86832427978516,81.40727013624928,0.18454821407794952,0.12663303315639496,93.56114196777344,0.17801669239997864,0.10350087285041809,108.80355072021484,0.1403084695339203,0.09655627608299255,109.02674865722656,0.483379065990448,0.21553127467632294,57.53463363647461,0.511021077632904,0.20755749940872192,53.22235870361328,0.5167946219444275,0.18234708905220032,48.61951446533203,0.37720420956611633,0.2297210991382599,138.3950958251953,0.40753763914108276,0.24494695663452148,199.54376220703125,0.5213649868965149,0.20651289820671082,69.74710083007812,4.69117679924327,4.386415207142538,0.6861088722177444,0.26632779848638877,0.2917655032192477,0.4419066982943635,90.0,0.111602783203125,0.1454925537109375,0.0535736083984375,0.05877685546875,0.0614013671875,0.07879638671875,0.0847320556640625,0.083770751953125,0.0888824462890625,0.066802978515625,0.0494842529296875,0.0389404296875,0.0307464599609375,0.0241241455078125,0.0178680419921875,0.0050048828125,0.172027587890625,0.2787628173828125,0.16937255859375,0.1166534423828125,0.0962677001953125,0.075164794921875,0.0455780029296875,0.022216796875,0.0117950439453125,0.0067291259765625,0.0028533935546875,0.0015411376953125,0.0005950927734375,0.0002288818359375,0.0001220703125,9.1552734375e-05,0.05226161703467369,1.0,0.37165194749832153,0.3763892948627472,0.36176782846450806,0,all,pca,0.6803783127477301,-5.476573753242959,0.6803783127477301,-5.476573753242959,,
image_139.png,0.4313725531101227,0.21599601209163666,0.12931035459041595,0.11651302874088287,170.65716552734375,78.02478348507813,0.4847151041030884,0.10392940044403076,88.79794311523438,0.4314170777797699,0.1010577455163002,114.74267578125,0.37425875663757324,0.1603015810251236,122.85730743408203,0.4727930426597595,0.16270802915096283,196.33697509765625,0.4924059808254242,0.07933126389980316,80.50894165039062,0.47122424840927124,0.08948902040719986,179.29458618164062,0.20947962999343872,0.2926127314567566,212.85459899902344,0.4566124975681305,0.16713470220565796,215.88629150390625,0.3417332172393799,0.16528254747390747,218.70127868652344,4.545834507643545,3.875055641695727,0.6210397420794842,0.13479921132103725,0.37399855242468866,0.4912022362542741,90.0,0.0,0.0804595947265625,0.1425628662109375,0.065093994140625,0.05401611328125,0.0637054443359375,0.11480712890625,0.176025390625,0.0717010498046875,0.0590057373046875,0.049560546875,0.0431976318359375,0.0324249267578125,0.0234832763671875,0.013580322265625,0.0103759765625,0.2895050048828125,0.1921234130859375,0.258544921875,0.09149169921875,0.0672454833984375,0.045501708984375,0.029083251953125,0.0171356201171875,0.0063629150390625,0.0013275146484375,0.0004119873046875,0.0001068115234375,9.1552734375e-05,9.1552734375e-05,1.52587890625e-05,0.0009613037109375,0.0377875417470932,1.0,0.3941248059272766,0.42717358469963074,0.4170020818710327,0,all,pca,2.062442245434962,-5.085791089912766,2.062442245434962,-5.085791089912766,,
image_140.png,0.42352941632270813,0.198929101228714,0.19597987830638885,0.21689021587371826,13.704051971435547,77.67787556751263,0.5463494062423706,0.05381840839982033,234.2975082397461,0.5437139868736267,0.06778643280267715,231.3927001953125,0.34804487228393555,0.36050304770469666,3.466287851333618,0.5199405550956726,0.17424707114696503,25.30219078063965,0.5559354424476624,0.12016723304986954,356.93847918510437,0.38725998997688293,0.4802904427051544,31.366418838500977,0.21463267505168915,0.31536898016929626,25.71061897277832,0.2975907325744629,0.30411484837532043,30.87550926208496,0.32145172357559204,0.3118881285190582,33.60881042480469,4.605931926529831,2.9808638655782973,0.5053320106640213,0.29857063983804677,0.30774185632783263,0.3936875038341206,98.0,0.028106689453125,0.0637359619140625,0.077117919921875,0.068603515625,0.091278076171875,0.10028076171875,0.09661865234375,0.0838623046875,0.1268157958984375,0.10333251953125,0.0714111328125,0.065093994140625,0.0179290771484375,0.0051727294921875,0.000640869140625,0.0,0.218109130859375,0.206787109375,0.05841064453125,0.1268310546875,0.0734100341796875,0.069091796875,0.05926513671875,0.0504302978515625,0.03509521484375,0.0287322998046875,0.0230712890625,0.018157958984375,0.013427734375,0.0082244873046875,0.0063018798828125,0.0046539306640625,0.03299489617347717,1.0,0.46572327613830566,0.41241970658302307,0.3631002604961395,0,all,pca,-0.3990310038019831,-3.4607229291501413,-0.3990310038019831,-3.4607229291501413,,
image_141.png,0.2862745225429535,0.2129741758108139,0.27272728085517883,0.16700589656829834,55.80210876464844,75.90892185673289,0.42865484952926636,0.3268243670463562,16.88376808166504,0.39615118503570557,0.30179882049560547,62.606082916259766,0.3159826993942261,0.2921111285686493,199.1307830810547,0.36783501505851746,0.3661687672138214,34.34403610229492,0.36960119009017944,0.31358152627944946,39.58304977416992,0.47387006878852844,0.3032734990119934,56.17498779296875,0.21465548872947693,0.3835919201374054,39.27763366699219,0.21142485737800598,0.20503783226013184,61.09763717651367,0.1928371638059616,0.14772194623947144,107.17804718017578,4.615498826212022,3.7124762137869776,0.7589590179180359,0.23641376493413663,0.26931481670581026,0.4942714183600531,82.0,0.0592803955078125,0.1111602783203125,0.1410064697265625,0.12335205078125,0.112335205078125,0.0995941162109375,0.0787200927734375,0.059906005859375,0.052490234375,0.04144287109375,0.037139892578125,0.0325164794921875,0.022186279296875,0.022491455078125,0.0040283203125,0.002349853515625,0.0565032958984375,0.1088714599609375,0.1211395263671875,0.15081787109375,0.1574249267578125,0.1320648193359375,0.0922698974609375,0.0623931884765625,0.0467376708984375,0.0300140380859375,0.0197906494140625,0.0087127685546875,0.006591796875,0.0040283203125,0.0019683837890625,0.00067138671875,0.050473906099796295,1.0,0.36808544397354126,0.33660292625427246,0.2898353636264801,0,all,pca,-2.659069031792559,-5.165235262331963,-2.659069031792559,-5.165235262331963,,
image_142.png,0.49803924560546875,0.16917482018470764,0.1818181723356247,0.14804965257644653,36.98104476928711,24.43535204698024,0.5886231660842896,0.09447959810495377,33.2867431640625,0.648567795753479,0.11994726955890656,28.346220016479492,0.5350755453109741,0.08220429718494415,39.19697570800781,0.4103616178035736,0.18015915155410767,37.90255355834961,0.47385770082473755,0.20568451285362244,34.145877838134766,0.4901338517665863,0.19477629661560059,39.558433532714844,0.4041222035884857,0.3079562485218048,39.186248779296875,0.2731042802333832,0.31020587682724,36.88984298706055,0.5299767255783081,0.38068217039108276,39.40672302246094,4.2120897962748245,1.8551418560172148,0.17448384896769795,0.42800035533445857,0.3270853691036688,0.24491427556187262,89.0,7.62939453125e-05,0.0069732666015625,0.00836181640625,0.04034423828125,0.1284332275390625,0.1002197265625,0.0979766845703125,0.119476318359375,0.2281341552734375,0.120269775390625,0.0657958984375,0.0358123779296875,0.00634765625,0.006866455078125,0.0022430419921875,0.0326690673828125,0.09014892578125,0.222900390625,0.2139129638671875,0.2037506103515625,0.09197998046875,0.052642822265625,0.039520263671875,0.0343017578125,0.0212249755859375,0.013763427734375,0.0076446533203125,0.0017242431640625,0.0001678466796875,0.0001068115234375,1.52587890625e-05,0.006195068359375,0.011203217320144176,1.0,0.5553191304206848,0.5039108395576477,0.411833792924881,0,all,pca,1.373648923620123,-2.364390156135673,1.373648923620123,-2.364390156135673,,
image_143.png,0.4470588266849518,0.32294657826423645,0.2880000174045563,0.2929534912109375,18.11891746520996,118.5400419993479,0.9053289890289307,0.24644340574741364,253.35379028320312,0.9142318367958069,0.2246561050415039,250.1802749633789,0.8805375695228577,0.20928969979286194,251.7257537841797,0.3381366431713104,0.2472650557756424,85.98808288574219,0.4393272399902344,0.2545489966869354,78.39932250976562,0.4882141649723053,0.31735214591026306,349.7557716369629,0.29723721742630005,0.5585492849349976,52.26497268676758,0.18695396184921265,0.7090165615081787,53.301700592041016,0.1759825050830841,0.7073690295219421,46.535308837890625,4.8219517136029975,4.465040188721432,0.5063085126170253,0.21763355273228227,0.31930200520434715,0.4630644420633706,90.0,0.0477294921875,0.0619049072265625,0.0846710205078125,0.0944366455078125,0.0947113037109375,0.0662689208984375,0.045379638671875,0.0379180908203125,0.037017822265625,0.034423828125,0.0245819091796875,0.023712158203125,0.0561370849609375,0.048004150390625,0.1115570068359375,0.1315460205078125,0.0755462646484375,0.1407318115234375,0.12799072265625,0.0933074951171875,0.1007843017578125,0.0678253173828125,0.038238525390625,0.02716064453125,0.0278167724609375,0.0318603515625,0.037353515625,0.0416717529296875,0.0529327392578125,0.0565185546875,0.049102783203125,0.031158447265625,0.02909417450428009,1.0,0.5538216829299927,0.5322072505950928,0.46386033296585083,0,all,pca,-1.535661858905707,-0.2555866520808583,-1.535661858905707,-0.2555866520808583,,
image_144.png,0.239215686917305,0.12496138364076614,0.5128204822540283,0.14945141971111298,38.631935119628906,10.73772858870297,0.15237261354923248,0.5289080142974854,34.268959045410156,0.19320008158683777,0.5878375172615051,34.769775390625,0.3690429627895355,0.3785986006259918,53.56105422973633,0.2012372612953186,0.5717614889144897,38.09623336791992,0.2535320222377777,0.5339040756225586,37.959861755371094,0.31933534145355225,0.3035562336444855,48.4322624206543,0.23928463459014893,0.6047413349151611,33.53580856323242,0.2974534332752228,0.5397502183914185,33.881290435791016,0.35572701692581177,0.4533918499946594,34.25889205932617,3.8139303174299712,1.5453043273307785,0.47991195982391965,0.19378593114139914,0.2683935146308378,0.5378205542277631,45.0,0.0011444091796875,0.06085205078125,0.241302490234375,0.2315826416015625,0.18988037109375,0.127105712890625,0.0558013916015625,0.0334625244140625,0.023529052734375,0.0183563232421875,0.00677490234375,0.0046844482421875,0.0033416748046875,0.00146484375,0.0006256103515625,9.1552734375e-05,0.002227783203125,0.007080078125,0.02825927734375,0.0442657470703125,0.0415802001953125,0.0479888916015625,0.116607666015625,0.1756134033203125,0.18145751953125,0.16156005859375,0.1085968017578125,0.052703857421875,0.0222015380859375,0.0072784423828125,0.00201416015625,0.0005645751953125,0.024176863953471184,1.0,0.3805044889450073,0.29400259256362915,0.14719346165657043,2,all,pca,-8.745146765714363,-2.6704982419874996,-8.745146765714363,-2.6704982419874996,,
image_145.png,0.5,0.2057827115058899,0.45945948362350464,0.17184536159038544,16.03807258605957,76.06555282266696,0.7294620275497437,0.19951240718364716,241.41441345214844,0.7454019784927368,0.26777637004852295,221.15469360351562,0.6530656218528748,0.35071292519569397,210.01556396484375,0.5568636059761047,0.4592260718345642,26.51937484741211,0.5405593514442444,0.4834734797477722,27.526901245117188,0.46500253677368164,0.4343496561050415,25.01809310913086,0.36699604988098145,0.5503133535385132,21.4521541595459,0.37032267451286316,0.5618423819541931,21.556007385253906,0.3169969916343689,0.5290479063987732,19.69150733947754,4.568539898560168,2.722093908231182,0.5333715667431335,0.2828746621719799,0.15198628345587167,0.5651390543721484,135.0,0.009033203125,0.018280029296875,0.0239410400390625,0.03125,0.04559326171875,0.0737152099609375,0.133514404296875,0.161102294921875,0.16033935546875,0.0697174072265625,0.0426483154296875,0.036895751953125,0.047637939453125,0.0930938720703125,0.0454559326171875,0.007781982421875,0.0603179931640625,0.048583984375,0.026397705078125,0.0218353271484375,0.025390625,0.06256103515625,0.1982879638671875,0.1835174560546875,0.1986236572265625,0.101593017578125,0.043792724609375,0.016693115234375,0.0074005126953125,0.003265380859375,0.001251220703125,0.00048828125,0.041855014860630035,1.0,0.6232854127883911,0.5037095546722412,0.429537832736969,2,all,pca,-2.6916704261492423,1.2672212986120597,-2.6916704261492423,1.2672212986120597,,
image_146.png,0.43529415130615234,0.17885620892047882,0.06250002235174179,0.07568104565143585,5.941408157348633,71.96561104637863,0.3413148820400238,0.05484899505972862,308.7140312194824,0.3615979552268982,0.04628046974539757,241.5152130126953,0.49440762400627136,0.05101439356803894,343.61921310424805,0.35660114884376526,0.09353409707546234,274.7294387817383,0.3834819495677948,0.05180664733052254,248.56838989257812,0.45723024010658264,0.15075398981571198,21.18691062927246,0.43368926644325256,0.09762289375066757,12.333756446838379,0.4260441064834595,0.07121075689792633,18.700090408325195,0.43453219532966614,0.09082715958356857,20.157581329345703,4.372510442672591,3.67218737264545,0.39413478826957654,0.4789995280792827,0.20371244297624666,0.31728802894447067,0.0,0.0329742431640625,0.0628204345703125,0.05340576171875,0.0574493408203125,0.05242919921875,0.0793609619140625,0.1714019775390625,0.205230712890625,0.0985107421875,0.0795135498046875,0.0592041015625,0.0315093994140625,0.0076141357421875,0.00457763671875,0.00067138671875,0.003326416015625,0.4989776611328125,0.347320556640625,0.07781982421875,0.04840087890625,0.016143798828125,0.0058441162109375,0.0011749267578125,0.0006103515625,0.0006866455078125,0.0004730224609375,0.00054931640625,0.0002899169921875,0.0003814697265625,0.000518798828125,0.0001373291015625,0.00067138671875,0.024064302444458008,1.0,0.4298466444015503,0.4025542438030243,0.3908734619617462,0,all,pca,3.30041495292209,-5.518796422046093,3.30041495292209,-5.518796422046093,,
image_147.png,0.6470588445663452,0.24319562315940857,0.1896551549434662,0.21148021519184113,115.48089599609375,89.75836745819353,0.7093906402587891,0.13293831050395966,169.0517578125,0.8131544589996338,0.2547716498374939,164.922119140625,0.7162761092185974,0.2221047580242157,170.4832763671875,0.5989059805870056,0.19562949240207672,117.41130065917969,0.680747926235199,0.3199256658554077,119.96245574951172,0.7417459487915039,0.3968150317668915,146.87442016601562,0.394107460975647,0.33193376660346985,20.704103469848633,0.3982374668121338,0.21469229459762573,18.053730010986328,0.3495098054409027,0.24432015419006348,6.174262046813965,4.794602040663463,4.377640486044874,0.43458986917973835,0.2230900920179756,0.4748198872958128,0.30209002068621155,0.0,0.014007568359375,0.0135498046875,0.02703857421875,0.0489654541015625,0.0493011474609375,0.067535400390625,0.080047607421875,0.05450439453125,0.04119873046875,0.072845458984375,0.0860443115234375,0.1049652099609375,0.1067352294921875,0.12420654296875,0.055145263671875,0.0539093017578125,0.1046905517578125,0.1737213134765625,0.2138519287109375,0.140716552734375,0.0853729248046875,0.079986572265625,0.047515869140625,0.03662109375,0.0286865234375,0.0178680419921875,0.0119781494140625,0.0104827880859375,0.009979248046875,0.007659912109375,0.0086212158203125,0.022247314453125,0.02640257030725479,1.0,0.6135931611061096,0.6104052066802979,0.5755893588066101,1,all,pca,2.81596499969096,0.40415058272417187,2.81596499969096,0.40415058272417187,,
image_148.png,0.49215686321258545,0.2196967601776123,0.18103449046611786,0.2693755030632019,163.3883514404297,67.85088789988731,0.621840238571167,0.1258455216884613,203.1719512939453,0.7017640471458435,0.09692634642124176,201.05189514160156,0.7215871810913086,0.11114327609539032,199.87945556640625,0.47153323888778687,0.16698482632637024,197.114990234375,0.46508583426475525,0.22803571820259094,191.76072692871094,0.4941924810409546,0.253368616104126,189.6826934814453,0.172993466258049,0.6862813234329224,79.1676025390625,0.20905527472496033,0.6624642610549927,74.2385482788086,0.2047542929649353,0.6424811482429504,72.8068618774414,4.410630903982962,2.5762189427651503,0.2730175460350921,0.16168956511865562,0.3276938798682866,0.5106165550130578,95.0,0.0149993896484375,0.0426788330078125,0.0991668701171875,0.1421051025390625,0.05914306640625,0.0153350830078125,0.0665740966796875,0.0661773681640625,0.1006011962890625,0.1112518310546875,0.084869384765625,0.159210205078125,0.0374755859375,0.0004119873046875,0.0,0.0,0.033416748046875,0.2353515625,0.2407684326171875,0.1049346923828125,0.016876220703125,0.008087158203125,0.0130157470703125,0.0218658447265625,0.035980224609375,0.0542449951171875,0.0725555419921875,0.066619873046875,0.0490875244140625,0.027923583984375,0.01373291015625,0.0055389404296875,0.0158687774091959,1.0,0.4433261752128601,0.506305456161499,0.43611812591552734,0,all,pca,-1.1066446616295034,-1.0887405106044539,-1.1066446616295034,-1.0887405106044539,,
image_149.png,0.5745097994804382,0.19759179651737213,0.36059996485710144,0.23779109120368958,56.404476165771484,27.151848366005954,0.8253732323646545,0.09730100631713867,61.556522369384766,0.8452768325805664,0.1313299983739853,64.59733581542969,0.8454191088676453,0.08659405261278152,61.07975387573242,0.385029673576355,0.346343457698822,63.3483772277832,0.4846741557121277,0.3179634213447571,72.80522155761719,0.5365894436836243,0.3873881697654724,68.52269744873047,0.5084962844848633,0.6089213490486145,41.5526008605957,0.5472356081008911,0.63919597864151,43.696292877197266,0.49786505103111267,0.5890058279037476,38.874027252197266,4.309572214669336,2.942759677573355,0.536502573005146,0.16144223268714067,0.3189553058099558,0.5196024615029036,97.0,4.57763671875e-05,0.0021820068359375,0.00860595703125,0.0180511474609375,0.03179931640625,0.0529937744140625,0.083770751953125,0.1251220703125,0.150787353515625,0.12115478515625,0.062255859375,0.0286865234375,0.0343780517578125,0.1770477294921875,0.103118896484375,0.0,0.054351806640625,0.220672607421875,0.1141204833984375,0.046051025390625,0.0382232666015625,0.034881591796875,0.0420074462890625,0.0680084228515625,0.1061553955078125,0.1203765869140625,0.0811767578125,0.047821044921875,0.020965576171875,0.0044708251953125,0.00067138671875,4.57763671875e-05,0.02656487375497818,1.0,0.7347797155380249,0.6812414526939392,0.4755176603794098,1,all,pca,-0.5565850402158286,2.6081677894450213,-0.5565850402158286,2.6081677894450213,,
image_150.png,0.43039214611053467,0.21491031348705292,0.2932330369949341,0.14376376569271088,170.03778076171875,91.59430050881656,0.528144121170044,0.3648527264595032,216.97750854492188,0.5509999394416809,0.353863388299942,217.23748779296875,0.6448005437850952,0.2823350429534912,215.80770874023438,0.338339626789093,0.17880767583847046,157.18125915527344,0.5274267792701721,0.11873093992471695,229.54690551757812,0.4857544004917145,0.1548895686864853,262.20288848876953,0.22020654380321503,0.2522670328617096,90.17538452148438,0.27857381105422974,0.2878818213939667,76.69927978515625,0.26107197999954224,0.3396433889865875,70.27054595947266,4.584548460510795,3.2375175664328557,0.41358732717465435,0.16073904733350822,0.31574410673462505,0.5235168459318668,104.0,0.005401611328125,0.0347137451171875,0.0902099609375,0.1414337158203125,0.1374969482421875,0.0535736083984375,0.0416412353515625,0.106842041015625,0.1121978759765625,0.0892333984375,0.0766754150390625,0.0480499267578125,0.015625,0.009735107421875,0.01165771484375,0.0255126953125,0.154815673828125,0.098968505859375,0.0534820556640625,0.0673980712890625,0.18829345703125,0.226470947265625,0.1496124267578125,0.03338623046875,0.0152435302734375,0.0070343017578125,0.00341796875,0.0012969970703125,0.00042724609375,0.0001220703125,3.0517578125e-05,0.0,0.026100914925336838,1.0,0.3867641091346741,0.43908947706222534,0.4560428559780121,0,all,pca,0.2502019598206863,-3.411852901544008,0.2502019598206863,-3.411852901544008,,
image_151.png,0.46078431606292725,0.167799174785614,0.3858267366886139,0.1832868754863739,19.423967361450195,40.61601056853108,0.48314759135246277,0.28808078169822693,27.703853607177734,0.4657238721847534,0.3676283359527588,20.924333572387695,0.5372251272201538,0.3739730715751648,25.92341423034668,0.5003617405891418,0.41511279344558716,6.052723407745361,0.4250858426094055,0.4939711391925812,318.2974166870117,0.4913816750049591,0.4298502802848816,1.015479564666748,0.39353159070014954,0.4473215341567993,23.60723304748535,0.6580764651298523,0.41358983516693115,31.905441284179688,0.5383824706077576,0.3071867823600769,31.876712799072266,4.206276134245365,2.7482526055100385,0.2995690991381983,0.23656025249650747,0.25420396336731,0.5092357841361825,12.0,0.010833740234375,0.005859375,0.0231475830078125,0.0290679931640625,0.05621337890625,0.079559326171875,0.1915740966796875,0.1565093994140625,0.0610198974609375,0.0925445556640625,0.1264190673828125,0.111724853515625,0.0548248291015625,0.000701904296875,0.0,0.0,0.001007080078125,0.0062255859375,0.0627593994140625,0.241363525390625,0.0514678955078125,0.103179931640625,0.220672607421875,0.13189697265625,0.039306640625,0.0355682373046875,0.030609130859375,0.016326904296875,0.015625,0.011962890625,0.0098419189453125,0.022186279296875,0.015438112430274487,1.0,0.6047729849815369,0.46185922622680664,0.39926114678382874,2,all,pca,-2.0764385448800207,0.6898098217079959,-2.0764385448800207,0.6898098217079959,,
image_152.png,0.49803924560546875,0.20879724621772766,0.21904762089252472,0.15587879717350006,41.96607208251953,90.85432567142563,0.7322800755500793,0.39022600650787354,207.76388549804688,0.6864688396453857,0.4140622317790985,210.5282440185547,0.44247984886169434,0.2241702675819397,105.96118927001953,0.35088732838630676,0.19474972784519196,49.34404373168945,0.36935070157051086,0.23815135657787323,313.25247955322266,0.41495534777641296,0.23902256786823273,30.149444580078125,0.5138909816741943,0.20492962002754211,34.47963333129883,0.5222429633140564,0.19231584668159485,32.27837371826172,0.5764278769493103,0.21617412567138672,33.6584358215332,4.568476915146809,3.725787400134414,0.4059768119536239,0.16967012828344533,0.40355833842394623,0.4267715332926084,83.0,0.0052947998046875,0.0219573974609375,0.025177001953125,0.0543060302734375,0.084503173828125,0.10626220703125,0.1201629638671875,0.08349609375,0.0772552490234375,0.0789642333984375,0.0797271728515625,0.06744384765625,0.1341552734375,0.058624267578125,0.0024871826171875,0.00018310546875,0.0612030029296875,0.128204345703125,0.2165679931640625,0.1790008544921875,0.124755859375,0.0589141845703125,0.041107177734375,0.066253662109375,0.0972900390625,0.018402099609375,0.004791259765625,0.0017852783203125,0.0005035400390625,0.000457763671875,0.000518798828125,0.000244140625,0.023662954568862915,1.0,0.5300024151802063,0.509131908416748,0.49052882194519043,0,all,pca,1.340712922217343,-1.6654032770611826,1.340712922217343,-1.6654032770611826,,
image_153.png,0.46666666865348816,0.12839442491531372,0.22869956493377686,0.09995952248573303,4.841380596160889,75.06611923116141,0.4529876112937927,0.1794108748435974,6.253456115722656,0.4187486469745636,0.14724965393543243,339.34908866882324,0.3859558701515198,0.17422933876514435,9.286842346191406,0.4937593936920166,0.11682765930891037,283.79639434814453,0.41407886147499084,0.06648784130811691,246.22157287597656,0.30442798137664795,0.09495975077152252,255.99276733398438,0.5159467458724976,0.25387170910835266,26.993824005126953,0.5044087171554565,0.24395009875297546,27.2170467376709,0.47881048917770386,0.24311327934265137,27.726228713989258,3.89076714672657,2.6106777655165607,0.7104904209808419,0.15596230202015796,0.3842008813648065,0.45983681661503556,88.0,0.0005950927734375,0.0048980712890625,0.03070068359375,0.07598876953125,0.0694580078125,0.0677947998046875,0.1341400146484375,0.2783355712890625,0.2382354736328125,0.06048583984375,0.0140228271484375,0.0099334716796875,0.0067138671875,0.005279541015625,0.00274658203125,0.00067138671875,0.310302734375,0.0597991943359375,0.0252227783203125,0.357452392578125,0.2438201904296875,0.003143310546875,0.0002288818359375,1.52587890625e-05,1.52587890625e-05,0.0,0.0,0.0,0.0,0.0,0.0,0.0,0.041528619825839996,1.0,0.5071099400520325,0.4316910207271576,0.37606704235076904,0,all,pca,1.7995568808711484,-4.856700251140835,1.7995568808711484,-4.856700251140835,,
image_154.png,0.45098042488098145,0.2128629982471466,0.20000000298023224,0.20501749217510223,44.577335357666016,38.57720873643479,0.7627377510070801,0.3214077949523926,31.921607971191406,0.4961853623390198,0.33134323358535767,27.97012710571289,0.2589128613471985,0.2888681888580322,18.288238525390625,0.596981942653656,0.19693700969219208,32.06786346435547,0.3547532558441162,0.5253565907478333,26.72458267211914,0.2576902508735657,0.14461299777030945,46.74397277832031,0.479649156332016,0.1367865949869156,74.03498077392578,0.46783456206321716,0.32359233498573303,48.472373962402344,0.6029465198516846,0.05737876519560814,111.45842742919922,4.5524483441706165,3.2796041101404483,0.27583855167710336,0.474881995954147,0.18464823555855248,0.34046976848730054,5.0,0.00067138671875,0.052520751953125,0.0733184814453125,0.052978515625,0.05242919921875,0.079345703125,0.16168212890625,0.104888916015625,0.0598297119140625,0.05169677734375,0.078125,0.1076507568359375,0.0964813232421875,0.028350830078125,3.0517578125e-05,0.0,0.2141265869140625,0.1622772216796875,0.0966949462890625,0.089141845703125,0.0861053466796875,0.0693359375,0.05206298828125,0.04705810546875,0.059844970703125,0.0567779541015625,0.055908203125,0.0090789794921875,0.0009002685546875,0.000335693359375,0.00018310546875,0.0001678466796875,0.017780646681785583,1.0,0.5541876554489136,0.4676838517189026,0.39070892333984375,0,all,pca,-0.010334794156695044,-1.2999682999667346,-0.010334794156695044,-1.2999682999667346,,
image_155.png,0.6941176652908325,0.26843202114105225,0.6590909361839294,0.15988413989543915,23.934677124023438,7.754990906947391,0.7972841262817383,0.7452142238616943,23.67573356628418,0.6746498346328735,0.7094931602478027,24.143741607666016,0.5005075335502625,0.6532797813415527,24.309391021728516,0.6458232402801514,0.6474949717521667,24.397838592529297,0.447851300239563,0.6049512624740601,25.21340560913086,0.3953619599342346,0.6449468731880188,23.731403350830078,0.6738518476486206,0.6538984775543213,23.174211502075195,0.4673565626144409,0.6311289072036743,24.938308715820312,0.7547407746315002,0.7368143200874329,21.887903213500977,4.587378747351006,1.0581944566722485,0.4614514229028458,0.21379866312854792,0.33801350307346073,0.4481878337979913,76.0,0.0228271484375,0.068084716796875,0.0488128662109375,0.05908203125,0.017822265625,0.0167999267578125,0.0225982666015625,0.033935546875,0.0441436767578125,0.0651092529296875,0.0892791748046875,0.1287078857421875,0.1572723388671875,0.136322021484375,0.07940673828125,0.009796142578125,0.000640869140625,0.001617431640625,0.002716064453125,0.0074920654296875,0.009735107421875,0.015869140625,0.027740478515625,0.04290771484375,0.1243438720703125,0.1742706298828125,0.158172607421875,0.123870849609375,0.1082305908203125,0.089752197265625,0.0649871826171875,0.0476531982421875,0.021241558715701103,1.0,0.7450493574142456,0.5625745058059692,0.445451557636261,2,all,pca,-7.050918122800215,7.591512819173181,-7.050918122800215,7.591512819173181,,
image_156.png,0.8941176533699036,0.23355767130851746,0.1981566995382309,0.10846886783838272,26.90772247314453,19.381901898400653,0.9679021239280701,0.12266290932893753,31.494892120361328,0.8798616528511047,0.10693337768316269,16.923202514648438,0.8909515142440796,0.05391072854399681,5.094007968902588,0.9041264057159424,0.19879159331321716,36.20460891723633,0.6401296854019165,0.24332530796527863,21.609203338623047,0.7829038500785828,0.18011021614074707,30.049699783325195,0.6520243883132935,0.24945136904716492,32.0076904296875,0.6063721776008606,0.23490576446056366,32.34025573730469,0.6099993586540222,0.22773149609565735,33.275081634521484,3.8093307130745035,2.382180619737521,0.2501240002480005,0.26374171159447235,0.3582450269566834,0.3780132614488443,2.0,0.000762939453125,0.005889892578125,0.027740478515625,0.024658203125,0.017242431640625,0.0151519775390625,0.0084228515625,0.0070953369140625,0.0288848876953125,0.0928192138671875,0.160003662109375,0.0484619140625,0.005828857421875,0.023223876953125,0.1468658447265625,0.3869476318359375,0.183074951171875,0.06396484375,0.2141571044921875,0.2957611083984375,0.1708526611328125,0.0518646240234375,0.011199951171875,0.0039215087890625,0.0027008056640625,0.0007781982421875,0.0004425048828125,0.000457763671875,0.0003509521484375,0.0001068115234375,1.52587890625e-05,0.0003509521484375,0.018113870173692703,1.0,0.8081750273704529,0.769493579864502,0.7317251563072205,1,all,pca,6.040698788215735,3.605334310355663,6.040698788215735,3.605334310355663,,
image_157.png,0.6058824062347412,0.19849969446659088,0.1428571492433548,0.09362810105085373,33.94504928588867,25.149845653352838,0.7287988066673279,0.17978256940841675,29.592683792114258,0.33216094970703125,0.18509793281555176,73.2859878540039,0.5419575572013855,0.15348589420318604,35.57898712158203,0.7308862805366516,0.14085441827774048,28.8159236907959,0.47516199946403503,0.2369033694267273,34.8069953918457,0.624736487865448,0.13400378823280334,29.860694885253906,0.6016971468925476,0.07360149919986725,25.2966251373291,0.40695181488990784,0.13703705370426178,32.61892318725586,0.5671385526657104,0.08600880205631256,30.868267059326172,3.826482609295235,2.3515633199042707,0.19950089900179802,0.28537021210473157,0.2830393908787196,0.43159039701654883,88.0,3.0517578125e-05,0.0300140380859375,0.06536865234375,0.053680419921875,0.034454345703125,0.0197601318359375,0.0159912109375,0.0446624755859375,0.061798095703125,0.228546142578125,0.0741119384765625,0.3331756591796875,0.037750244140625,0.0001068115234375,0.0001373291015625,0.0004119873046875,0.05401611328125,0.404937744140625,0.3533935546875,0.1172943115234375,0.018402099609375,0.0125732421875,0.0110626220703125,0.009674072265625,0.0092010498046875,0.0055694580078125,0.00274658203125,0.0006866455078125,0.0002593994140625,4.57763671875e-05,0.0,0.0001373291015625,0.011083101853728294,1.0,0.5972332954406738,0.5572745203971863,0.5138681530952454,1,all,pca,4.049966135454353,-0.525788576381896,4.049966135454353,-0.525788576381896,,
image_158.png,0.38235294818878174,0.1630501002073288,0.0833333283662796,0.30099427700042725,77.50790405273438,129.25357657882932,0.42339998483657837,0.2321760654449463,269.2183837890625,0.4305166006088257,0.14819811284542084,106.91529846191406,0.46253934502601624,0.17773772776126862,199.62985229492188,0.39518964290618896,0.506587564945221,349.30413722991943,0.372681200504303,0.2869572341442108,49.654457092285156,0.4021536409854889,0.3689369261264801,199.29380798339844,0.3557710647583008,0.3070393204689026,7.706117153167725,0.33391135931015015,0.16102497279644012,49.63544845581055,0.37456098198890686,0.23518915474414825,187.11595153808594,4.349196256031209,4.4450603113031795,0.2673445346890694,0.5907351576994434,0.10557745825602968,0.3036873840445269,177.0,0.014434814453125,0.03173828125,0.069854736328125,0.0776824951171875,0.1027374267578125,0.18133544921875,0.16668701171875,0.1073455810546875,0.06341552734375,0.0751953125,0.069732666015625,0.0314788818359375,0.0083160400390625,4.57763671875e-05,0.0,0.0,0.45428466796875,0.0911712646484375,0.0342559814453125,0.02691650390625,0.0396728515625,0.0488128662109375,0.0236053466796875,0.0182342529296875,0.0195159912109375,0.0362548828125,0.0596771240234375,0.044403076171875,0.035552978515625,0.02984619140625,0.01971435546875,0.0180816650390625,0.016635984182357788,1.0,0.4201097786426544,0.3959856331348419,0.3705696165561676,0,all,pca,-1.0643837965976013,-3.1980272745001708,-1.0643837965976013,-3.1980272745001708,,
image_159.png,0.30980393290519714,0.11335040628910065,0.12222221493721008,0.10482876747846603,52.68865203857422,43.9736146977455,0.29756540060043335,0.034276559948921204,55.83720397949219,0.2707117199897766,0.07866480946540833,58.25791931152344,0.27786916494369507,0.17439928650856018,84.69271850585938,0.3508976399898529,0.09025399386882782,43.31794357299805,0.3209172785282135,0.12825019657611847,50.17765808105469,0.2982546091079712,0.17063643038272858,52.936222076416016,0.30539366602897644,0.1577802300453186,36.23612976074219,0.3735865652561188,0.13185249269008636,43.100337982177734,0.276523619890213,0.23974363505840302,34.75700759887695,3.519391664969141,3.194879255159016,0.22143344286688574,0.33158336833263335,0.23148537029259414,0.4369312613747725,90.0,0.023101806640625,0.0204925537109375,0.052825927734375,0.123931884765625,0.30169677734375,0.3564910888671875,0.0563201904296875,0.019866943359375,0.0105743408203125,0.0086822509765625,0.0074615478515625,0.00640869140625,0.0058135986328125,0.0063018798828125,3.0517578125e-05,0.0,0.337738037109375,0.1711883544921875,0.233978271484375,0.173583984375,0.04193115234375,0.0156097412109375,0.0115203857421875,0.0045928955078125,0.0027618408203125,0.0015869140625,0.00140380859375,0.0012969970703125,0.0010223388671875,0.0003814697265625,0.0,0.00140380859375,0.013462340459227562,1.0,0.3299221396446228,0.3193851411342621,0.27816057205200195,0,all,pca,-0.3142350103952496,-7.089046036280338,-0.3142350103952496,-7.089046036280338,,
image_160.png,0.7235294580459595,0.19606301188468933,0.049504950642585754,0.11380165070295334,45.57798385620117,95.62717765618532,0.5417900681495667,0.11116427928209305,30.589540481567383,0.7408744692802429,0.06593363732099533,41.31322479248047,0.6158839464187622,0.23914474248886108,24.543285369873047,0.47699061036109924,0.04462491348385811,26.653532028198242,0.5392165184020996,0.07298890501260757,195.70204162597656,0.7657262682914734,0.08953198790550232,143.03062438964844,0.6881376504898071,0.05670660734176636,159.7881622314453,0.730800986289978,0.0711902529001236,120.56470489501953,0.7129701972007751,0.0626288428902626,70.23153686523438,4.179615879700092,4.0674727225635685,0.47276644553289104,0.09570178026949937,0.39470837021736993,0.5095898495131307,82.0,0.0007171630859375,0.0131072998046875,0.0200653076171875,0.0169525146484375,0.0307769775390625,0.0552978515625,0.0513458251953125,0.0351104736328125,0.0496826171875,0.06573486328125,0.0855712890625,0.1467437744140625,0.2412872314453125,0.1864166259765625,0.0009918212890625,0.0001983642578125,0.593902587890625,0.21160888671875,0.0768280029296875,0.0279693603515625,0.009246826171875,0.0196685791015625,0.051544189453125,0.0015106201171875,0.0012664794921875,0.0009613037109375,0.0010986328125,0.0009918212890625,0.001190185546875,0.00177001953125,0.0004425048828125,0.0,0.025984086096286774,1.0,0.6533267498016357,0.6470150351524353,0.6390697956085205,1,all,pca,5.95606429512864,0.62210518343866,5.95606429512864,0.62210518343866,,
image_161.png,0.658823549747467,0.20409800112247467,0.4482758641242981,0.11123432964086533,24.452186584472656,11.66368506321083,0.6666204929351807,0.46368056535720825,30.45067596435547,0.5940384268760681,0.45174577832221985,25.701295852661133,0.5270330905914307,0.39111995697021484,21.951601028442383,0.5750300884246826,0.4840793311595917,25.253297805786133,0.45562034845352173,0.483235239982605,20.155027389526367,0.20799657702445984,0.5590912699699402,6.491527557373047,0.5961122512817383,0.43704771995544434,29.569747924804688,0.6623607277870178,0.44473913311958313,29.88844108581543,0.6486373543739319,0.3911348581314087,29.895036697387695,3.4315601013935035,1.9519581857531967,0.20050840101680203,0.08812615955473098,0.43034941249226966,0.4815244279529994,90.0,0.0208892822265625,0.0366058349609375,0.0485687255859375,0.0489654541015625,0.03741455078125,0.0326995849609375,0.02764892578125,0.0287933349609375,0.0238037109375,0.0445404052734375,0.4093017578125,0.2403411865234375,0.000335693359375,9.1552734375e-05,0.0,0.0,0.000457763671875,0.0017547607421875,0.00555419921875,0.0137481689453125,0.0359039306640625,0.1148681640625,0.250335693359375,0.39794921875,0.0574493408203125,0.029388427734375,0.0387115478515625,0.0277557373046875,0.0148773193359375,0.007080078125,0.003021240234375,0.0011444091796875,0.012357791885733604,1.0,0.683007001876831,0.5283237099647522,0.4136941134929657,2,all,pca,-2.5063292422417875,4.260459113195986,-2.5063292422417875,4.260459113195986,,
image_162.png,0.7372549176216125,0.27438077330589294,0.09803920984268188,0.2127179056406021,304.1259880065918,98.12686015762813,0.5595009326934814,0.33055898547172546,23.142269134521484,0.5403386950492859,0.3235994875431061,21.193923950195312,0.6987839341163635,0.2348383665084839,15.071063995361328,0.5025882124900818,0.24204698204994202,316.18314361572266,0.22695109248161316,0.22518688440322876,257.3191223144531,0.6899353861808777,0.1676878184080124,250.6809844970703,0.7950586080551147,0.08551272749900818,263.90201568603516,0.7309522032737732,0.1372404396533966,251.6689453125,0.8235885500907898,0.07165877521038055,240.97705841064453,4.4218061757111204,3.9343071921670423,0.5291710583421166,0.11675454012888108,0.524780316344464,0.35846514352665493,83.0,0.02337646484375,0.0789337158203125,0.0359344482421875,0.03741455078125,0.0269927978515625,0.023681640625,0.0243682861328125,0.028564453125,0.03936767578125,0.0422821044921875,0.05975341796875,0.1062164306640625,0.1384735107421875,0.2205047607421875,0.1141357421875,0.0,0.3310546875,0.2516326904296875,0.0798187255859375,0.042816162109375,0.0364532470703125,0.023345947265625,0.033203125,0.0607757568359375,0.066986083984375,0.02606201171875,0.011260986328125,0.0113983154296875,0.0167083740234375,0.007293701171875,0.0010528564453125,0.0001373291015625,0.03366660326719284,1.0,0.6513794660568237,0.612174391746521,0.5894197225570679,1,all,pca,4.420571860781243,0.9457910529475679,4.420571860781243,0.9457910529475679,,
image_163.png,0.9176470637321472,0.2650379240512848,0.21428559720516205,0.33296099305152893,29.29722023010254,46.43184189733179,0.8310139775276184,0.7609949707984924,37.85051727294922,0.7634273767471313,0.8073309063911438,35.65168380737305,0.8139725923538208,0.7337161898612976,32.580711364746094,0.7463901042938232,0.33688420057296753,24.25469970703125,0.5847004652023315,0.2777402102947235,357.1850914955139,0.680283784866333,0.1866905689239502,340.00951194763184,0.8700072169303894,0.13628114759922028,40.76688003540039,0.8966293334960938,0.14212597906589508,35.65647888183594,0.883999228477478,0.1218324825167656,34.312442779541016,3.502063022104223,3.0913654468620972,0.34069068138136277,0.09476797088262057,0.48830755232029116,0.4169244767970883,86.0,0.0111236572265625,0.0287322998046875,0.0389404296875,0.022125244140625,0.0179290771484375,0.0149078369140625,0.0133819580078125,0.0111236572265625,0.0132904052734375,0.0157623291015625,0.02276611328125,0.030517578125,0.0413360595703125,0.075592041015625,0.2596893310546875,0.382781982421875,0.084381103515625,0.2292022705078125,0.15765380859375,0.064422607421875,0.0374298095703125,0.0295257568359375,0.0288238525390625,0.026641845703125,0.022430419921875,0.0219268798828125,0.030181884765625,0.0317230224609375,0.03912353515625,0.0516357421875,0.0634002685546875,0.0814971923828125,0.024559244513511658,1.0,0.8272468447685242,0.7905390858650208,0.7461146116256714,1,all,pca,2.8099202544453488,6.592408142028294,2.8099202544453488,6.592408142028294,,
image_164.png,0.5960784554481506,0.23960837721824646,0.0535714365541935,0.16612637042999268,10.968196868896484,70.19344806160889,0.578795850276947,0.09090086817741394,26.948223114013672,0.6744753122329712,0.06783516705036163,6.6667280197143555,0.7255111336708069,0.03362617641687393,235.8613739013672,0.5771507620811462,0.0870300903916359,21.95816993713379,0.5568432211875916,0.2506047189235687,26.0376033782959,0.6742252111434937,0.04505734518170357,246.98655700683594,0.20444758236408234,0.2525457441806793,15.500266075134277,0.42642584443092346,0.40712884068489075,29.961889266967773,0.5219917297363281,0.11514803767204285,13.581351280212402,4.521751637428916,3.5032931152207505,0.37303924607849215,0.3962687497403083,0.2220467860555948,0.3816844642040969,175.0,0.0381927490234375,0.0240631103515625,0.0310821533203125,0.0688934326171875,0.068328857421875,0.037139892578125,0.032073974609375,0.0782928466796875,0.0978851318359375,0.0390167236328125,0.0607757568359375,0.15093994140625,0.1913604736328125,0.07000732421875,0.0119476318359375,0.0,0.53338623046875,0.0819549560546875,0.0527496337890625,0.0442047119140625,0.0491485595703125,0.09259033203125,0.067352294921875,0.0582733154296875,0.0117340087890625,0.0039215087890625,0.00189208984375,0.0012359619140625,0.000946044921875,0.000457763671875,0.0001373291015625,1.52587890625e-05,0.02253722958266735,1.0,0.5925040245056152,0.5497180223464966,0.5051038861274719,1,all,pca,3.2481151805558106,-0.7716580042828173,3.2481151805558106,-0.7716580042828173,,
image_165.png,0.5,0.19083747267723083,0.3930348753929138,0.22677716612815857,34.1753044128418,18.477123073793603,0.6382970809936523,0.5539975762367249,34.6821174621582,0.6048372387886047,0.5735756158828735,33.220088958740234,0.6163772344589233,0.6613713502883911,34.07566452026367,0.5224083065986633,0.37074151635169983,33.346885681152344,0.36568939685821533,0.1855354756116867,25.840179443359375,0.4779791533946991,0.42175763845443726,34.11040115356445,0.467254102230072,0.3673659861087799,36.41667938232422,0.4065433144569397,0.3504680395126343,37.00419235229492,0.44764766097068787,0.3860672414302826,35.79835510253906,4.280073006699595,1.3230930301774908,0.35619071238142475,0.06483899042645778,0.52911227154047,0.40604873803307223,90.0,0.0009307861328125,0.015838623046875,0.0412445068359375,0.0492095947265625,0.0686492919921875,0.099853515625,0.1169891357421875,0.105316162109375,0.0979461669921875,0.045074462890625,0.0712432861328125,0.262451171875,0.0097198486328125,0.00537109375,0.0050811767578125,0.0050811767578125,0.049957275390625,0.05926513671875,0.056243896484375,0.0684051513671875,0.059295654296875,0.165435791015625,0.1178131103515625,0.05865478515625,0.0482177734375,0.0659332275390625,0.057281494140625,0.0760650634765625,0.0982666015625,0.0165252685546875,0.00140380859375,0.0012359619140625,0.023779164999723434,1.0,0.641915500164032,0.5266644358634949,0.3681468963623047,2,all,pca,-3.442543177772507,1.9673453756900259,-3.442543177772507,1.9673453756900259,,
image_166.png,0.7843137383460999,0.22982697188854218,0.024000002071261406,0.13812361657619476,318.6876106262207,94.08429684416306,0.9030987620353699,0.08398645371198654,247.43344116210938,0.8098218441009521,0.09124290943145752,280.2931137084961,0.7161428332328796,0.05930378660559654,355.5388822555542,0.6381694674491882,0.05701872706413269,22.543466567993164,0.6525466442108154,0.06462104618549347,17.77176856994629,0.5588541030883789,0.08908095210790634,39.80023956298828,0.8043253421783447,0.017269328236579895,265.57078552246094,0.6156070828437805,0.12795467674732208,224.83779907226562,0.6699271202087402,0.01402394101023674,349.80351638793945,4.226116484009878,3.6092785314476115,0.23510447020894043,0.11682489451476794,0.4704641350210971,0.412710970464135,89.0,0.010498046875,0.025970458984375,0.03668212890625,0.01885986328125,0.0169525146484375,0.0157012939453125,0.01861572265625,0.019866943359375,0.020050048828125,0.0254974365234375,0.043182373046875,0.150543212890625,0.2436370849609375,0.153289794921875,0.1621246337890625,0.0385284423828125,0.81170654296875,0.086181640625,0.0207672119140625,0.0126953125,0.0111541748046875,0.0063018798828125,0.0052642822265625,0.0050048828125,0.0084686279296875,0.014556884765625,0.008758544921875,0.002716064453125,0.001617431640625,0.0014495849609375,0.0015106201171875,0.0018463134765625,0.019954178482294083,1.0,0.7030354738235474,0.7069061398506165,0.7124118804931641,1,all,pca,7.945013565513127,1.7963935972762608,7.945013565513127,1.7963935972762608,,
image_167.png,0.54313725233078,0.1692892462015152,0.15789473056793213,0.21416157484054565,33.125736236572266,70.61521262626768,0.65096116065979,0.15023870766162872,79.85802459716797,0.5401052832603455,0.2848045825958252,26.38193702697754,0.5515216588973999,0.1756364405155182,308.9475402832031,0.5021011233329773,0.27824389934539795,36.85113525390625,0.28344476222991943,0.5025560855865479,24.44268226623535,0.4103849232196808,0.3078436851501465,31.54587173461914,0.5991581082344055,0.08619501441717148,190.87966918945312,0.4291803240776062,0.2620285749435425,32.9842414855957,0.5419198274612427,0.1137087345123291,28.91330909729004,4.3105226812075506,3.440731773292427,0.30221960443920887,0.16565801620679044,0.30644168632680274,0.5279002974664068,78.0,0.005645751953125,0.0231781005859375,0.0249786376953125,0.031951904296875,0.061309814453125,0.1057281494140625,0.0994720458984375,0.079620361328125,0.1043701171875,0.2017059326171875,0.1379547119140625,0.1010284423828125,0.0227508544921875,0.00030517578125,0.0,0.0,0.2960357666015625,0.1629791259765625,0.06854248046875,0.044830322265625,0.0699310302734375,0.067596435546875,0.065826416015625,0.0716552734375,0.05865478515625,0.046600341796875,0.026031494140625,0.0082855224609375,0.0048675537109375,0.003143310546875,0.00286865234375,0.0021514892578125,0.014704215340316296,1.0,0.5682624578475952,0.4981802701950073,0.4332551956176758,0,all,pca,1.0719406450943234,-0.6724449651678969,1.0719406450943234,-0.6724449651678969,,
image_168.png,0.5862745046615601,0.2264658361673355,0.6577540040016174,0.2454557716846466,48.438446044921875,30.641848188670835,0.6018270254135132,0.5935173630714417,50.843971252441406,0.5355560183525085,0.6335248351097107,43.58822250366211,0.6995745897293091,0.48488524556159973,62.83562088012695,0.4966418445110321,0.5376310348510742,47.59504699707031,0.6243636608123779,0.7513465285301208,45.4405517578125,0.67213374376297,0.5262575149536133,62.00939178466797,0.3887138366699219,0.5975199937820435,38.31265640258789,0.47878575325012207,0.7054604887962341,36.25571823120117,0.4225776493549347,0.5443668961524963,53.32614517211914,4.737964081638193,2.89112901422813,0.646754293508587,0.24150409816421417,0.20879068206873413,0.5497052197670517,179.0,0.000885009765625,0.0228424072265625,0.065216064453125,0.053253173828125,0.051727294921875,0.060302734375,0.0728759765625,0.07098388671875,0.072540283203125,0.080963134765625,0.1241455078125,0.1254119873046875,0.1049652099609375,0.0447540283203125,0.0187225341796875,0.0304107666015625,0.002960205078125,0.068756103515625,0.044891357421875,0.0248260498046875,0.029541015625,0.0299835205078125,0.0380859375,0.0394439697265625,0.062896728515625,0.09521484375,0.1305999755859375,0.1403045654296875,0.111083984375,0.0805206298828125,0.057647705078125,0.043243408203125,0.0339491106569767,1.0,0.720820963382721,0.6133727431297302,0.36745956540107727,2,all,pca,-6.460940300664078,5.303800687842787,-6.460940300664078,5.303800687842787,,
image_169.png,0.8313725590705872,0.22366558015346527,0.10810813307762146,0.1612134426832199,203.5650634765625,34.77059476736437,0.8318482637405396,0.3118179738521576,204.02963256835938,0.8399972915649414,0.2747010588645935,199.8148956298828,0.7443305850028992,0.2766534984111786,206.96115112304688,0.5328502655029297,0.18706673383712769,222.55697631835938,0.5073809623718262,0.15974994003772736,212.183349609375,0.751047670841217,0.2884826362133026,207.07362365722656,0.7637580037117004,0.05583607032895088,180.2032470703125,0.8239609599113464,0.07977322489023209,195.06837463378906,0.8350504636764526,0.11147592961788177,203.4281463623047,2.3378363571645795,2.743610181505592,0.11322772645545291,0.07967145790554415,0.30075290896646134,0.6195756331279946,57.0,0.00103759765625,0.00433349609375,0.021270751953125,0.07000732421875,0.04681396484375,0.0119476318359375,0.00897216796875,0.0040740966796875,0.0033416748046875,0.0040130615234375,0.004058837890625,0.0047607421875,0.0136260986328125,0.775787353515625,0.0240631103515625,0.00189208984375,0.208831787109375,0.3338775634765625,0.0652618408203125,0.0853424072265625,0.0563201904296875,0.0330352783203125,0.0706939697265625,0.10736083984375,0.0313568115234375,0.0066986083984375,0.0008392333984375,0.0001220703125,3.0517578125e-05,0.0,0.0,0.0002288818359375,0.009676432237029076,1.0,0.705736517906189,0.7426533699035645,0.7684946656227112,1,all,pca,6.373241876294737,3.687070034406305,6.373241876294737,3.687070034406305,,
image_170.png,0.9215686321258545,0.21984852850437164,0.0,0.07255502790212631,342.45994758605957,54.437401184679324,0.9060167074203491,0.010079432278871536,343.5897102355957,0.6041291356086731,0.019174344837665558,280.17066955566406,0.8676199316978455,0.001189398462884128,357.9146897792816,0.9411487579345703,0.032812539488077164,335.4856491088867,0.6306443810462952,0.052789971232414246,299.6208305358887,0.9110091328620911,0.006389709655195475,351.23644733428955,0.9465458989143372,0.01190976332873106,357.84521532058716,0.8783057928085327,0.07270212471485138,328.3283157348633,0.934373140335083,0.0026605455204844475,357.84203577041626,2.924517702370956,1.1924216448437406,0.14861429722859446,0.5191906549853984,0.1583229036295369,0.32248644138506466,0.0,0.0030364990234375,0.040435791015625,0.0195465087890625,0.0054779052734375,0.003692626953125,0.0041961669921875,0.0069427490234375,0.0062408447265625,0.0043182373046875,0.0054473876953125,0.0063934326171875,0.0136260986328125,0.0172576904296875,0.0564727783203125,0.4887542724609375,0.3181610107421875,0.903076171875,0.0572967529296875,0.0137481689453125,0.0140228271484375,0.0003204345703125,0.0049285888671875,7.62939453125e-05,0.0,0.0041046142578125,1.52587890625e-05,4.57763671875e-05,1.52587890625e-05,0.0,0.0,0.0,0.002349853515625,0.01202308014035225,1.0,0.846521258354187,0.8462803959846497,0.8477998971939087,1,all,pca,11.395144476156656,4.147399467214152,11.395144476156656,4.147399467214152,,
image_171.png,0.8490196466445923,0.29685086011886597,0.05263157933950424,0.1638590693473816,32.62440490722656,24.57320724437742,0.9064847826957703,0.046805329620838165,55.73750686645508,0.7889224886894226,0.08554477989673615,48.47963333129883,0.9560927152633667,0.045557714998722076,11.942076683044434,0.7815281748771667,0.0949443131685257,35.230316162109375,0.6838249564170837,0.3202803432941437,27.215391159057617,0.8549631834030151,0.13101491332054138,33.146339416503906,0.34972667694091797,0.08001890033483505,28.144184112548828,0.42736247181892395,0.2840966284275055,20.472824096679688,0.4426884055137634,0.11584025621414185,32.71918869018555,4.337874126928078,2.782308421428569,0.30750511501023003,0.20298402137204496,0.4099500982912445,0.3870658803367105,90.0,0.0140533447265625,0.03033447265625,0.0318450927734375,0.04400634765625,0.0839996337890625,0.03314208984375,0.021575927734375,0.0301971435546875,0.0406951904296875,0.025543212890625,0.0206756591796875,0.0333251953125,0.0492401123046875,0.0751495361328125,0.3059234619140625,0.1602935791015625,0.5817718505859375,0.096405029296875,0.0552520751953125,0.0532684326171875,0.0562744140625,0.047393798828125,0.044830322265625,0.026763916015625,0.0157470703125,0.007354736328125,0.005035400390625,0.003082275390625,0.0021820068359375,0.0012969970703125,0.0005950927734375,0.00274658203125,0.021372336894273758,1.0,0.7133342027664185,0.6831809282302856,0.6608585715293884,1,all,pca,5.217657534651339,1.828257846312008,5.217657534651339,1.828257846312008,,
image_172.png,0.572549045085907,0.22788269817829132,0.3461538553237915,0.17863769829273224,24.151493072509766,45.33841393181523,0.5091067552566528,0.33989599347114563,330.1676483154297,0.656001091003418,0.4703761041164398,35.84891891479492,0.6745500564575195,0.4222019910812378,18.39975929260254,0.42715704441070557,0.3690227270126343,5.899943828582764,0.5072957873344421,0.5262540578842163,30.924015045166016,0.5067136287689209,0.3879419267177582,25.349912643432617,0.728063702583313,0.36095091700553894,24.701278686523438,0.6795563697814941,0.4057093858718872,26.533906936645508,0.7274205684661865,0.3407200872898102,26.671079635620117,4.292352265771168,2.8702804993822637,0.39907929815859633,0.3342913737522818,0.22662834504990872,0.43908028119780945,167.0,0.0048828125,0.0127410888671875,0.033416748046875,0.0328369140625,0.028594970703125,0.0445556640625,0.080780029296875,0.1170806884765625,0.1287841796875,0.069061279296875,0.038330078125,0.037261962890625,0.0482330322265625,0.2566986083984375,0.06671142578125,3.0517578125e-05,0.0120391845703125,0.0196685791015625,0.0357513427734375,0.061370849609375,0.1641845703125,0.3200531005859375,0.0861663818359375,0.0547332763671875,0.0573272705078125,0.043487548828125,0.0359344482421875,0.054718017578125,0.0281524658203125,0.0126953125,0.008758544921875,0.0049591064453125,0.021028421819210052,1.0,0.7023112773895264,0.5668043494224548,0.4935131072998047,2,all,pca,-0.8931256535865438,2.778615627659804,-0.8931256535865438,2.778615627659804,,
image_173.png,0.7019608020782471,0.15128158032894135,0.10606059432029724,0.1046411544084549,356.78955578804016,73.72375660858371,0.7902683019638062,0.0463857464492321,350.25603008270264,0.6975514888763428,0.16001635789871216,16.498605728149414,0.7431039214134216,0.1677847057580948,25.26145362854004,0.6342546939849854,0.0757928267121315,270.00010681152344,0.562737226486206,0.1188257709145546,356.18368101119995,0.5770190954208374,0.0916418731212616,17.282302856445312,0.6961943507194519,0.20819564163684845,248.0753173828125,0.6888716220855713,0.14628344774246216,256.0635528564453,0.6316133141517639,0.17199674248695374,15.333565711975098,4.181779365197063,3.477255313800849,0.46549693099386197,0.2648841236014917,0.2960175812466702,0.439098295151838,95.0,3.0517578125e-05,0.000396728515625,0.001617431640625,0.0063629150390625,0.01220703125,0.0240631103515625,0.0430450439453125,0.0624542236328125,0.08624267578125,0.1181640625,0.118743896484375,0.151458740234375,0.204376220703125,0.1370849609375,0.0323028564453125,0.0014495849609375,0.340301513671875,0.23260498046875,0.15234375,0.153778076171875,0.0762176513671875,0.0193023681640625,0.00762939453125,0.0087890625,0.004638671875,0.00146484375,0.0008087158203125,0.0006103515625,0.000518798828125,0.0005035400390625,0.00030517578125,0.00018310546875,0.03053891472518444,1.0,0.6928092241287231,0.6585153937339783,0.6463299989700317,1,all,pca,6.711789689617831,0.9086332729723134,6.711789689617831,0.9086332729723134,,
image_174.png,0.4803921580314636,0.1994137316942215,0.18018019199371338,0.16781830787658691,35.86180114746094,36.12257636328964,0.6311733722686768,0.23333799839019775,59.711456298828125,0.5383884906768799,0.1459933966398239,56.53736877441406,0.40860843658447266,0.17615817487239838,63.029666900634766,0.6340693831443787,0.35877859592437744,48.10056686401367,0.5637927055358887,0.31117984652519226,48.028263092041016,0.2949430048465729,0.1429598331451416,14.4419527053833,0.2388511598110199,0.22160924971103668,18.913251876831055,0.4217756986618042,0.14718978106975555,0.8944243788719177,0.4216126501560211,0.07013218104839325,358.72571086883545,4.615420966947312,3.223735345015496,0.2960195920391841,0.2279819876426851,0.24410933081998115,0.5279086815373337,153.0,0.006500244140625,0.049774169921875,0.07330322265625,0.0552520751953125,0.05316162109375,0.0744171142578125,0.0984344482421875,0.129638671875,0.151123046875,0.124420166015625,0.059356689453125,0.0531158447265625,0.0302734375,0.0230865478515625,0.014923095703125,0.0032196044921875,0.25872802734375,0.0652313232421875,0.2017364501953125,0.18994140625,0.1099853515625,0.057952880859375,0.0317230224609375,0.02386474609375,0.019866943359375,0.012176513671875,0.008026123046875,0.0055084228515625,0.0039825439453125,0.003814697265625,0.0044403076171875,0.003021240234375,0.015693919733166695,1.0,0.5126251578330994,0.4930303394794464,0.4057881236076355,0,all,pca,1.0987316900584154,-2.6682841876948022,1.0987316900584154,-2.6682841876948022,,
image_175.png,0.5215686559677124,0.18385088443756104,0.42127659916877747,0.225584015250206,37.98977279663086,12.916134631213874,0.595737874507904,0.27127498388290405,30.660404205322266,0.5117685198783875,0.4792003333568573,37.60167694091797,0.5712442994117737,0.291859894990921,36.90283203125,0.47991693019866943,0.5860157608985901,41.598976135253906,0.4488964080810547,0.5722295641899109,39.88804244995117,0.5080518126487732,0.547404408454895,45.541873931884766,0.4774298071861267,0.2575320601463318,34.84623336791992,0.36116039752960205,0.4094076156616211,33.19137954711914,0.3936168849468231,0.45064058899879456,41.81588363647461,4.447894500036946,2.299759062754015,0.5126015252030504,0.2968461794321309,0.19364397810770767,0.5095098424601615,15.0,0.0124359130859375,0.0346221923828125,0.0416412353515625,0.0516357421875,0.0626220703125,0.072509765625,0.0851898193359375,0.0964508056640625,0.12091064453125,0.174346923828125,0.1359100341796875,0.0762786865234375,0.0341339111328125,0.00128173828125,3.0517578125e-05,0.0,1.52587890625e-05,0.0201416015625,0.1853485107421875,0.0915679931640625,0.065704345703125,0.07537841796875,0.0910186767578125,0.1071624755859375,0.090423583984375,0.0717315673828125,0.056427001953125,0.041473388671875,0.03656005859375,0.0256500244140625,0.021331787109375,0.0200653076171875,0.02548273280262947,1.0,0.613834023475647,0.5307912230491638,0.34674713015556335,2,all,pca,-3.340525045176386,1.322371528885604,-3.340525045176386,1.322371528885604,,
image_176.png,0.4529411792755127,0.12724347412586212,0.1555555760860443,0.20182783901691437,235.01441955566406,75.68995022747261,0.46182215213775635,0.15185509622097015,218.020263671875,0.4759758412837982,0.1543947011232376,215.57908630371094,0.42631208896636963,0.17279712855815887,215.81739807128906,0.5081644654273987,0.3771788477897644,298.9635887145996,0.550485372543335,0.3053891360759735,321.4135208129883,0.43139347434043884,0.15931907296180725,232.98558044433594,0.4290638566017151,0.2632499635219574,275.77076721191406,0.466395765542984,0.2668822407722473,290.26883697509766,0.31751585006713867,0.25696223974227905,260.83013916015625,4.013215475449972,2.790217939435766,0.7575485150970301,0.1899169292466342,0.3114948643450505,0.49858820640831525,90.0,0.000213623046875,0.0087127685546875,0.0206756591796875,0.0349884033203125,0.05950927734375,0.1012725830078125,0.2100982666015625,0.2569122314453125,0.158172607421875,0.0704193115234375,0.03668212890625,0.020782470703125,0.012420654296875,0.0071868896484375,0.001556396484375,0.000396728515625,0.0589752197265625,0.2209625244140625,0.3947906494140625,0.0871124267578125,0.0222015380859375,0.0211334228515625,0.0308380126953125,0.0358734130859375,0.02911376953125,0.020751953125,0.019775390625,0.01739501953125,0.014862060546875,0.0122833251953125,0.0092315673828125,0.00469970703125,0.04027753695845604,1.0,0.46414321660995483,0.4214334189891815,0.4397173821926117,0,all,pca,1.4860423944689782,-3.5994321629981068,1.4860423944689782,-3.5994321629981068,,
image_177.png,0.6784313917160034,0.16710536181926727,0.1318681240081787,0.2023642510175705,18.406248092651367,29.85467068141398,0.8081424236297607,0.07975047081708908,82.99732971191406,0.6081973314285278,0.12298217415809631,12.381901741027832,0.462645024061203,0.20145481824874878,3.5048038959503174,0.6706327795982361,0.343607634305954,24.841760635375977,0.580017626285553,0.34745660424232483,13.20871353149414,0.6212142705917358,0.10887467116117477,10.397955894470215,0.6488047242164612,0.4397720694541931,17.708763122558594,0.6138316988945007,0.23609483242034912,12.34872055053711,0.7333561778068542,0.11261998862028122,12.384868621826172,4.204716429897535,2.5890891117354524,0.26419802839605677,0.17201525374009974,0.18063948371956587,0.6473452625403344,120.0,0.0,0.0,0.000946044921875,0.0050811767578125,0.010589599609375,0.0917510986328125,0.0759124755859375,0.0628662109375,0.05352783203125,0.0645751953125,0.157623291015625,0.1764984130859375,0.1791229248046875,0.0726318359375,0.0482330322265625,0.000640869140625,0.10174560546875,0.3637542724609375,0.225372314453125,0.0553741455078125,0.03070068359375,0.010986328125,0.01385498046875,0.023651123046875,0.03173828125,0.0656890869140625,0.0557403564453125,0.015594482421875,0.004119873046875,0.0016326904296875,3.0517578125e-05,1.52587890625e-05,0.014400409534573555,1.0,0.7087101340293884,0.6049319505691528,0.5675972700119019,1,all,pca,2.7355345921036474,2.3312635635601717,2.7355345921036474,2.3312635635601717,,
image_178.png,0.44509804248809814,0.22462652623653412,0.02500000037252903,0.08244641870260239,52.12910461425781,82.87891390000551,0.7543904185295105,0.034655120223760605,16.57655143737793,0.49970608949661255,0.02584938518702984,134.3418426513672,0.5317644476890564,0.023492110893130302,129.48556518554688,0.4618329703807831,0.08805013447999954,29.676124572753906,0.43196773529052734,0.05248871445655823,12.854366302490234,0.348135769367218,0.03884413093328476,178.35694885253906,0.33010005950927734,0.06283652037382126,46.488502502441406,0.3370322585105896,0.09356038272380829,22.635839462280273,0.2734467089176178,0.03983229026198387,29.075328826904297,4.6688226097783065,4.213362827731945,0.3825717651435303,0.15233773600194472,0.47240904302730735,0.3752532209707479,98.0,0.058380126953125,0.04473876953125,0.0601806640625,0.0628814697265625,0.0606536865234375,0.05670166015625,0.1401214599609375,0.1186370849609375,0.09002685546875,0.1326751708984375,0.055633544921875,0.0179901123046875,0.025970458984375,0.0500640869140625,0.0245208740234375,0.000823974609375,0.75909423828125,0.1618804931640625,0.038330078125,0.015533447265625,0.00848388671875,0.0062103271484375,0.0030364990234375,0.0022735595703125,0.0008087158203125,0.000823974609375,0.000335693359375,0.0002593994140625,0.0001068115234375,3.0517578125e-05,3.0517578125e-05,0.0027618408203125,0.02726808935403824,1.0,0.44495096802711487,0.4418383836746216,0.43458759784698486,0,all,pca,3.4434219704143874,-4.747530880837374,3.4434219704143874,-4.747530880837374,,
image_179.png,0.5176470875740051,0.19461366534233093,0.34677422046661377,0.17657704651355743,24.37636947631836,38.6963819207509,0.5309836864471436,0.3683781027793884,28.72944450378418,0.5593448877334595,0.324052095413208,21.72360610961914,0.5941458344459534,0.3804796636104584,26.21711540222168,0.49492254853248596,0.2567218542098999,20.99776268005371,0.45996716618537903,0.2992202341556549,25.52045249938965,0.3175741136074066,0.34352028369903564,19.90374183654785,0.4278627634048462,0.2992702126502991,22.539199829101562,0.47954052686691284,0.3294553756713867,26.9573974609375,0.4233260750770569,0.3907696306705475,24.4874324798584,4.443229804845551,2.520083073770392,0.44936139872279746,0.18350522575971853,0.20840950639853748,0.608085267841744,11.0,0.0150604248046875,0.0500030517578125,0.047637939453125,0.053924560546875,0.06060791015625,0.0538330078125,0.04571533203125,0.1119537353515625,0.19097900390625,0.14703369140625,0.1551666259765625,0.0254058837890625,0.012298583984375,0.0101318359375,0.0108184814453125,0.009429931640625,0.0896148681640625,0.0681304931640625,0.056884765625,0.0749664306640625,0.0951080322265625,0.2109222412109375,0.1577606201171875,0.1497955322265625,0.0317535400390625,0.015472412109375,0.012481689453125,0.0096282958984375,0.010223388671875,0.0087432861328125,0.0048980712890625,0.0036163330078125,0.03262202441692352,1.0,0.5821940898895264,0.4662151634693146,0.3704598546028137,0,all,pca,-1.4587683846224628,-0.49368878955196754,-1.4587683846224628,-0.49368878955196754,,
image_180.png,0.14901961386203766,0.1962527632713318,0.1764705926179886,0.1734182983636856,311.56882095336914,80.0007451606147,0.15354935824871063,0.19690245389938354,239.06423950195312,0.12479355186223984,0.33290156722068787,297.587646484375,0.12923984229564667,0.15351659059524536,238.98087310791016,0.16127771139144897,0.14332617819309235,261.88104248046875,0.3342954218387604,0.21255575120449066,358.1326345205307,0.45867758989334106,0.3220616579055786,1.144911766052246,0.10264424979686737,0.13817977905273438,328.21945571899414,0.24550683796405792,0.2305023968219757,0.31733936071395874,0.27722853422164917,0.21922741830348969,357.468008518219,3.860236086354711,3.8359981869311475,0.22098394196788393,0.12260643894227397,0.39945290032966263,0.4779406607280634,83.0,0.08367919921875,0.2591400146484375,0.3253631591796875,0.101226806640625,0.03668212890625,0.0311126708984375,0.02471923828125,0.018463134765625,0.017425537109375,0.01776123046875,0.018341064453125,0.0219573974609375,0.0376129150390625,0.005859375,0.0006561279296875,0.0,0.1859893798828125,0.1774139404296875,0.169189453125,0.1571502685546875,0.07745361328125,0.0578765869140625,0.0430145263671875,0.037994384765625,0.0359649658203125,0.026702880859375,0.0169677734375,0.007781982421875,0.002899169921875,0.0013885498046875,0.0009613037109375,0.001251220703125,0.015504974871873856,1.0,0.24003542959690094,0.2024114429950714,0.20317240059375763,0,all,pca,-1.0441104862264676,-7.596173125273729,-1.0441104862264676,-7.596173125273729,,
image_181.png,0.5784313678741455,0.23499102890491486,0.46606338024139404,0.28676703572273254,59.80305480957031,60.447264014736476,0.6386721730232239,0.48589950799942017,43.07731246948242,0.7516683340072632,0.5531201362609863,44.87968063354492,0.836948812007904,0.6472878456115723,172.00367736816406,0.4832282066345215,0.4983746409416199,38.024539947509766,0.4283973276615143,0.47599083185195923,35.19203567504883,0.626352846622467,0.700744092464447,35.80844497680664,0.40404146909713745,0.14269040524959564,128.62669372558594,0.4749046862125397,0.336324542760849,75.38247680664062,0.8003048300743103,0.39100953936576843,95.87822723388672,4.714012687547678,3.352153678098755,0.5326740653481307,0.1796834080195542,0.2712564744223942,0.5490601175580515,83.0,0.000213623046875,0.014495849609375,0.025146484375,0.0229949951171875,0.0396881103515625,0.0583648681640625,0.1075897216796875,0.110748291015625,0.100433349609375,0.070953369140625,0.060028076171875,0.0695343017578125,0.072357177734375,0.0859375,0.0420074462890625,0.1195068359375,0.10650634765625,0.0867156982421875,0.019287109375,0.021636962890625,0.0525665283203125,0.079254150390625,0.0915374755859375,0.09210205078125,0.08154296875,0.063995361328125,0.059814453125,0.05303955078125,0.0510711669921875,0.03515625,0.039642333984375,0.066131591796875,0.02558254264295101,1.0,0.7024892568588257,0.6429370641708374,0.5037785172462463,2,all,pca,-2.434712442678944,4.020454673320135,-2.434712442678944,4.020454673320135,,
image_182.png,0.5588235259056091,0.26258137822151184,0.1666666716337204,0.19208215177059174,99.54601287841797,148.73141255810663,0.8366342186927795,0.18159054219722748,215.61138916015625,0.8212248086929321,0.10046354681253433,208.00650024414062,0.5703275799751282,0.20486979186534882,76.24762725830078,0.6728280186653137,0.20823760330677032,236.0362777709961,0.5931727290153503,0.1438206285238266,252.4951400756836,0.39875003695487976,0.2536599338054657,61.38734817504883,0.4857538640499115,0.348925918340683,26.36691665649414,0.2508084774017334,0.2871968448162079,289.82826232910156,0.3181900084018707,0.38561397790908813,22.5999755859375,4.697073843147699,3.561427062996717,0.32035464070928144,0.3209309076833753,0.36292819818076255,0.3161408941358622,77.0,0.021209716796875,0.0656890869140625,0.03997802734375,0.03607177734375,0.0501556396484375,0.0598297119140625,0.07183837890625,0.084564208984375,0.07452392578125,0.074920654296875,0.0717620849609375,0.0518341064453125,0.0492095947265625,0.1251983642578125,0.1232147216796875,0.0,0.157684326171875,0.212615966796875,0.1762237548828125,0.1021881103515625,0.0561676025390625,0.0548553466796875,0.0478363037109375,0.060760498046875,0.0506744384765625,0.0392608642578125,0.02252197265625,0.009246826171875,0.0050201416015625,0.0024261474609375,0.0016021728515625,0.00091552734375,0.01668868213891983,1.0,0.5925152897834778,0.5504382848739624,0.5016126036643982,0,all,pca,2.635395236522973,-0.9480851205340951,2.635395236522973,-0.9480851205340951,,
image_183.png,0.32549020648002625,0.2128051221370697,0.3529411554336548,0.24426452815532684,1.1096491813659668,46.73482512313959,0.32010993361473083,0.3220977783203125,352.6285300254822,0.4557693302631378,0.23816917836666107,17.553537368774414,0.4409535825252533,0.1701050102710724,336.9939765930176,0.47857630252838135,0.3145970404148102,339.43351554870605,0.3989518880844116,0.4991249442100525,8.95673656463623,0.2634648084640503,0.4934132695198059,357.11252450942993,0.2615925073623657,0.418504536151886,1.1733293533325195,0.3724248707294464,0.43763700127601624,4.373353481292725,0.1937878578901291,0.4214366376399994,16.499330520629883,4.624546040725006,3.622694479942149,0.6000992001984004,0.34249405930364707,0.20929331542514723,0.4482126252712057,179.0,0.02215576171875,0.1061859130859375,0.14202880859375,0.1221923828125,0.0879058837890625,0.1138916015625,0.10003662109375,0.075225830078125,0.0653533935546875,0.04046630859375,0.0355377197265625,0.028594970703125,0.02227783203125,0.0160675048828125,0.01483154296875,0.0072479248046875,0.111419677734375,0.111328125,0.0771331787109375,0.0698089599609375,0.0761260986328125,0.08294677734375,0.0781097412109375,0.075927734375,0.069732666015625,0.07623291015625,0.0604095458984375,0.0401763916015625,0.028961181640625,0.019683837890625,0.0125274658203125,0.0094757080078125,0.03556384891271591,1.0,0.4345631003379822,0.30189248919487,0.280086874961853,0,all,pca,-3.89983031831774,-3.2371870650324808,-3.89983031831774,-3.2371870650324808,,
image_184.png,0.4019607901573181,0.17094434797763824,0.1338934302330017,0.11061070114374161,5.56903600692749,72.31664206615643,0.4156965911388397,0.06040722504258156,288.54821014404297,0.4620647728443146,0.06462980806827545,282.90155029296875,0.4769858419895172,0.11307425796985626,281.99925231933594,0.3567148447036743,0.1817764937877655,27.129549026489258,0.5806513428688049,0.10651960968971252,75.15523529052734,0.4634953737258911,0.12045507878065109,7.668750762939453,0.4172312915325165,0.21743394434452057,18.780601501464844,0.2927987575531006,0.19944296777248383,28.11768341064453,0.28076785802841187,0.165363609790802,26.915651321411133,4.268520123246466,3.175485011933596,0.28329406658813316,0.0752858784264376,0.4911090441538546,0.43360507741970783,90.0,0.0010223388671875,0.01513671875,0.08203125,0.0539093017578125,0.0867462158203125,0.19390869140625,0.1712799072265625,0.1629180908203125,0.092559814453125,0.0305328369140625,0.01544189453125,0.02496337890625,0.030609130859375,0.0279083251953125,0.0110321044921875,0.0,0.3444061279296875,0.12286376953125,0.265625,0.1314544677734375,0.057525634765625,0.042999267578125,0.01934814453125,0.009307861328125,0.003692626953125,0.0012664794921875,0.0009765625,0.000396728515625,0.0001373291015625,0.0,0.0,0.0,0.01612333580851555,1.0,0.449717253446579,0.4119676649570465,0.38321036100387573,0,all,pca,1.7654317846464613,-5.012608351516301,1.7654317846464613,-5.012608351516301,,
image_185.png,0.6274510025978088,0.1112469881772995,0.18181821703910828,0.06254062056541443,43.741424560546875,46.89365616162004,0.6357435584068298,0.19895845651626587,37.39797592163086,0.6411178708076477,0.1282375156879425,67.56146240234375,0.6774547696113586,0.1525755673646927,51.39029312133789,0.6521618366241455,0.16914600133895874,42.08256149291992,0.6394827365875244,0.14185075461864471,53.106773376464844,0.6253697872161865,0.14728963375091553,45.54494094848633,0.5698213577270508,0.16519279778003693,39.788604736328125,0.5817421674728394,0.16295699775218964,41.65867614746094,0.5958364009857178,0.17905984818935394,38.62805938720703,3.7287147293017218,1.9903394723797019,0.4432233864467729,0.17740863787375416,0.2750830564784053,0.5475083056478405,54.0,0.0,0.0004425048828125,0.0039825439453125,0.007354736328125,0.0061798095703125,0.0094757080078125,0.0142974853515625,0.0421905517578125,0.142730712890625,0.25506591796875,0.2979583740234375,0.1294708251953125,0.044891357421875,0.022705078125,0.01446533203125,0.0087890625,0.1546783447265625,0.0547332763671875,0.3683624267578125,0.4142608642578125,0.006072998046875,0.001068115234375,0.0003662109375,0.000152587890625,0.0001220703125,9.1552734375e-05,1.52587890625e-05,1.52587890625e-05,3.0517578125e-05,0.0,0.0,3.0517578125e-05,0.022007446736097336,1.0,0.6802934408187866,0.6395783424377441,0.5677915811538696,1,all,pca,4.859328211238443,0.5988073241009281,4.859328211238443,0.5988073241009281,,
